{"event":"gateway_transport","timestamp":1790006017.2518654,"thread":135413016106688,"stage":"resolved","status":"ok"}
{"event":"gateway_transport","timestamp":1790006019.2059124,"thread":135413016106688,"stage":"connected","status":"ok"}
{"event":"gateway_transport","timestamp":1790006019.2062075,"thread":135413016106688,"stage":"request_sent","status":"ok"}
{"event":"gateway_transport","timestamp":1790006021.331276,"thread":135413016106688,"stage":"response_headers_received","status":"ok","http_status":200}
{"event":"gateway_transport","timestamp":1790006024.5046751,"thread":135413016106688,"stage":"response_stream_completed","status":"ok","http_status":200}
{"event":"gateway_transport","timestamp":1790006024.6084704,"thread":135413016106688,"stage":"resolved","status":"ok"}
{"event":"gateway_transport","timestamp":1790006025.3838782,"thread":135413016106688,"stage":"connected","status":"ok"}
{"event":"gateway_transport","timestamp":1790006025.3842354,"thread":135413016106688,"stage":"request_sent","status":"ok"}
{"event":"gateway_transport","timestamp":1790006027.946584,"thread":135413016106688,"stage":"response_headers_received","status":"ok","http_status":200}
{"event":"gateway_transport","timestamp":1790006030.7151842,"thread":135413016106688,"stage":"response_stream_completed","status":"ok","http_status":200}
{"event":"gateway_transport","timestamp":1790006030.8188496,"thread":135413016106688,"stage":"resolved","status":"ok"}
{"event":"gateway_transport","timestamp":1790006031.5724654,"thread":135413016106688,"stage":"connected","status":"ok"}
{"event":"gateway_transport","timestamp":1790006031.5726979,"thread":135413016106688,"stage":"request_sent","status":"ok"}
{"event":"gateway_transport","timestamp":1790006034.0323172,"thread":135413016106688,"stage":"response_headers_received","status":"ok","http_status":200}
{"event":"gateway_transport","timestamp":1790006038.2327888,"thread":135413016106688,"stage":"response_stream_completed","status":"ok","http_status":200}
{"event":"gateway_transport","timestamp":1790006038.3318462,"thread":135413016106688,"stage":"resolved","status":"ok"}
{"event":"gateway_transport","timestamp":1790006040.3855498,"thread":135413016106688,"stage":"connected","status":"ok"}
{"event":"gateway_transport","timestamp":1790006040.3858206,"thread":135413016106688,"stage":"request_sent","status":"ok"}
{"event":"gateway_transport","timestamp":1790006042.8173583,"thread":135413016106688,"stage":"response_headers_received","status":"ok","http_status":200}
{"event":"gateway_transport","timestamp":1790006044.6510417,"thread":135413016106688,"stage":"response_stream_completed","status":"ok","http_status":200}
{"event":"gateway_transport","timestamp":1790006044.748066,"thread":135413016106688,"stage":"resolved","status":"ok"}
{"event":"gateway_transport","timestamp":1790006045.492561,"thread":135413016106688,"stage":"connected","status":"ok"}
{"event":"gateway_transport","timestamp":1790006045.4928372,"thread":135413016106688,"stage":"request_sent","status":"ok"}
{"event":"gateway_transport","timestamp":1790006047.6721025,"thread":135413016106688,"stage":"response_headers_received","status":"ok","http_status":200}
{"event":"gateway_transport","timestamp":1790006050.902986,"thread":135413016106688,"stage":"response_stream_completed","status":"ok","http_status":200}
{"event":"gateway_transport","timestamp":1790006051.0585856,"thread":135413016106688,"stage":"resolved","status":"ok"}
{"event":"gateway_transport","timestamp":1790006054.59288,"thread":135413016106688,"stage":"connected","status":"ok"}
{"event":"gateway_transport","timestamp":1790006054.5931594,"thread":135413016106688,"stage":"request_sent","status":"ok"}
{"event":"gateway_transport","timestamp":1790006056.9990685,"thread":135413016106688,"stage":"response_headers_received","status":"ok","http_status":200}
{"event":"gateway_transport","timestamp":1790006073.7150142,"thread":135413016106688,"stage":"response_stream_completed","status":"ok","http_status":200}
{"event":"gateway_transport","timestamp":1790006073.8325112,"thread":135413016106688,"stage":"resolved","status":"ok"}
{"event":"gateway_transport","timestamp":1790006074.974825,"thread":135413016106688,"stage":"connected","status":"ok"}
{"event":"gateway_transport","timestamp":1790006074.9750512,"thread":135413016106688,"stage":"request_sent","status":"ok"}
{"event":"gateway_transport","timestamp":1790006077.1926212,"thread":135413016106688,"stage":"response_headers_received","status":"ok","http_status":200}
{"event":"gateway_transport","timestamp":1790006083.5811784,"thread":135413016106688,"stage":"response_stream_completed","status":"ok","http_status":200}
{"event":"gateway_transport","timestamp":1790006083.6979961,"thread":135413016106688,"stage":"resolved","status":"ok"}
{"event":"gateway_transport","timestamp":1790006084.4322062,"thread":135413016106688,"stage":"connected","status":"ok"}
{"event":"gateway_transport","timestamp":1790006084.4326217,"thread":135413016106688,"stage":"request_sent","status":"ok"}
{"event":"gateway_transport","timestamp":1790006086.9362087,"thread":135413016106688,"stage":"response_headers_received","status":"ok","http_status":200}
{"event":"gateway_transport","timestamp":1790006091.39446,"thread":135413016106688,"stage":"response_stream_completed","status":"ok","http_status":200}
{"event":"gateway_transport","timestamp":1790006091.8920069,"thread":135413016106688,"stage":"resolved","status":"ok"}
{"event":"gateway_transport","timestamp":1790006092.7460515,"thread":135413016106688,"stage":"connected","status":"ok"}
{"event":"gateway_transport","timestamp":1790006092.7464323,"thread":135413016106688,"stage":"request_sent","status":"ok"}
{"event":"gateway_transport","timestamp":1790006096.398746,"thread":135413016106688,"stage":"response_headers_received","status":"ok","http_status":200}
{"event":"gateway_transport","timestamp":1790006106.7817976,"thread":135413016106688,"stage":"response_stream_completed","status":"ok","http_status":200}
{"event":"gateway_transport","timestamp":1790006106.9258265,"thread":135413016106688,"stage":"resolved","status":"ok"}
{"event":"gateway_transport","timestamp":1790006106.9347339,"thread":135413016106688,"stage":"connected","status":"ok"}
{"event":"gateway_transport","timestamp":1790006106.9349053,"thread":135413016106688,"stage":"request_sent","status":"ok"}
{"event":"gateway_transport","timestamp":1790006106.9381058,"thread":135413016106688,"stage":"response_headers_received","status":"ok","http_status":200}
{"event":"gateway_transport","timestamp":1790006106.9382908,"thread":135413016106688,"stage":"response_stream_completed","status":"ok","http_status":200}
{"event":"gateway_transport","timestamp":1790006107.877888,"thread":135413016106688,"stage":"resolved","status":"ok"}
{"event":"gateway_transport","timestamp":1790006107.9427123,"thread":135412936865472,"stage":"resolved","status":"ok"}
{"event":"gateway_transport","timestamp":1790006107.9442875,"thread":135412936865472,"stage":"connected","status":"ok"}
{"event":"gateway_transport","timestamp":1790006107.9444747,"thread":135412936865472,"stage":"request_sent","status":"ok"}
{"event":"gateway_transport","timestamp":1790006107.9461954,"thread":135412936865472,"stage":"response_headers_received","status":"ok","http_status":200}
{"event":"gateway_transport","timestamp":1790006107.9463177,"thread":135412936865472,"stage":"response_stream_completed","status":"ok","http_status":200}
{"event":"gateway_transport","timestamp":1790006108.652583,"thread":135413016106688,"stage":"connected","status":"ok"}
{"event":"gateway_transport","timestamp":1790006108.652851,"thread":135413016106688,"stage":"request_sent","status":"ok"}
{"event":"gateway_transport","timestamp":1790006111.0370545,"thread":135413016106688,"stage":"response_headers_received","status":"ok","http_status":200}
{"event":"gateway_transport","timestamp":1790006114.0920694,"thread":135413016106688,"stage":"response_stream_completed","status":"ok","http_status":200}
{"event":"gateway_transport","timestamp":1790006114.1604893,"thread":135413016106688,"stage":"resolved","status":"ok"}
{"event":"gateway_transport","timestamp":1790006114.1630085,"thread":135413016106688,"stage":"connected","status":"ok"}
{"event":"gateway_transport","timestamp":1790006114.163204,"thread":135413016106688,"stage":"request_sent","status":"ok"}
{"event":"gateway_transport","timestamp":1790006114.1668034,"thread":135413016106688,"stage":"response_headers_received","status":"ok","http_status":200}
{"event":"gateway_transport","timestamp":1790006114.1669283,"thread":135413016106688,"stage":"response_stream_completed","status":"ok","http_status":200}
{"event":"gateway_transport","timestamp":1790006115.170359,"thread":135412936865472,"stage":"resolved","status":"ok"}
{"event":"gateway_transport","timestamp":1790006115.171865,"thread":135412936865472,"stage":"connected","status":"ok"}
{"event":"gateway_transport","timestamp":1790006115.1720362,"thread":135412936865472,"stage":"request_sent","status":"ok"}
{"event":"gateway_transport","timestamp":1790006115.173638,"thread":135412936865472,"stage":"response_headers_received","status":"ok","http_status":200}
{"event":"gateway_transport","timestamp":1790006115.1738114,"thread":135412936865472,"stage":"response_stream_completed","status":"ok","http_status":200}
{"event":"gateway_transport","timestamp":1790006115.180871,"thread":135413016106688,"stage":"resolved","status":"ok"}
{"event":"gateway_transport","timestamp":1790006116.0685613,"thread":135413016106688,"stage":"connected","status":"ok"}
{"event":"gateway_transport","timestamp":1790006116.068951,"thread":135413016106688,"stage":"request_sent","status":"ok"}
{"event":"gateway_transport","timestamp":1790006118.5441995,"thread":135413016106688,"stage":"response_headers_received","status":"ok","http_status":200}
{"event":"gateway_transport","timestamp":1790006119.1454666,"thread":135413016106688,"stage":"response_stream_completed","status":"ok","http_status":200}
{"event":"gateway_transport","timestamp":1790006119.1823606,"thread":135413016106688,"stage":"resolved","status":"ok"}
{"event":"gateway_transport","timestamp":1790006119.1839979,"thread":135413016106688,"stage":"connected","status":"ok"}
{"event":"gateway_transport","timestamp":1790006119.1842146,"thread":135413016106688,"stage":"request_sent","status":"ok"}
{"event":"gateway_transport","timestamp":1790006119.186822,"thread":135413016106688,"stage":"response_headers_received","status":"ok","http_status":200}
{"event":"gateway_transport","timestamp":1790006119.1869621,"thread":135413016106688,"stage":"response_stream_completed","status":"ok","http_status":200}
{"event":"gateway_transport","timestamp":1790006119.2339833,"thread":135413016106688,"stage":"resolved","status":"ok"}
{"event":"gateway_transport","timestamp":1790006120.1905572,"thread":135412936865472,"stage":"resolved","status":"ok"}
{"event":"gateway_transport","timestamp":1790006120.192138,"thread":135412936865472,"stage":"connected","status":"ok"}
{"event":"gateway_transport","timestamp":1790006120.1923501,"thread":135412936865472,"stage":"request_sent","status":"ok"}
{"event":"gateway_transport","timestamp":1790006120.1940274,"thread":135412936865472,"stage":"response_headers_received","status":"ok","http_status":200}
{"event":"gateway_transport","timestamp":1790006120.19415,"thread":135412936865472,"stage":"response_stream_completed","status":"ok","http_status":200}
{"event":"gateway_transport","timestamp":1790006120.227054,"thread":135412936865472,"stage":"resolved","status":"ok"}
{"event":"gateway_transport","timestamp":1790006120.9922125,"thread":135412936865472,"stage":"connected","status":"ok"}
{"event":"gateway_transport","timestamp":1790006120.9925754,"thread":135412936865472,"stage":"request_sent","status":"ok"}
{"event":"gateway_transport","timestamp":1790006121.3284721,"thread":135413016106688,"stage":"connected","status":"ok"}
{"event":"gateway_transport","timestamp":1790006121.3297021,"thread":135413016106688,"stage":"request_sent","status":"ok"}
{"event":"gateway_transport","timestamp":1790006123.666075,"thread":135413016106688,"stage":"response_headers_received","status":"ok","http_status":200}
{"event":"gateway_transport","timestamp":1790006124.258543,"thread":135412936865472,"stage":"response_headers_received","status":"ok","http_status":200}
{"event":"gateway_transport","timestamp":1790006125.6288564,"thread":135413016106688,"stage":"response_stream_completed","status":"ok","http_status":200}
{"event":"gateway_transport","timestamp":1790006125.7305079,"thread":135413016106688,"stage":"resolved","status":"ok"}
{"event":"gateway_transport","timestamp":1790006126.4953203,"thread":135413016106688,"stage":"connected","status":"ok"}
{"event":"gateway_transport","timestamp":1790006126.4956465,"thread":135413016106688,"stage":"request_sent","status":"ok"}
{"event":"gateway_transport","timestamp":1790006128.8238602,"thread":135413016106688,"stage":"response_headers_received","status":"ok","http_status":200}
{"event":"gateway_transport","timestamp":1790006130.0195088,"thread":135412936865472,"stage":"response_stream_completed","status":"ok","http_status":200}
{"event":"gateway_transport","timestamp":1790006130.0969775,"thread":135412936865472,"stage":"resolved","status":"ok"}
{"event":"gateway_transport","timestamp":1790006130.213689,"thread":135412928472768,"stage":"resolved","status":"ok"}
{"event":"gateway_transport","timestamp":1790006130.2160778,"thread":135412928472768,"stage":"connected","status":"ok"}
{"event":"gateway_transport","timestamp":1790006130.2163115,"thread":135412928472768,"stage":"request_sent","status":"ok"}
{"event":"gateway_transport","timestamp":1790006130.2199876,"thread":135412928472768,"stage":"response_headers_received","status":"ok","http_status":200}
{"event":"gateway_transport","timestamp":1790006130.2201123,"thread":135412928472768,"stage":"response_stream_completed","status":"ok","http_status":200}
{"event":"gateway_transport","timestamp":1790006132.012735,"thread":135413016106688,"stage":"response_stream_completed","status":"ok","http_status":200}
{"event":"gateway_transport","timestamp":1790006132.1276648,"thread":135413016106688,"stage":"resolved","status":"ok"}
{"event":"gateway_transport","timestamp":1790006132.5878909,"thread":135412936865472,"stage":"connected","status":"ok"}
{"event":"gateway_transport","timestamp":1790006132.588236,"thread":135412936865472,"stage":"request_sent","status":"ok"}
{"event":"gateway_transport","timestamp":1790006132.9251502,"thread":135413016106688,"stage":"connected","status":"ok"}
{"event":"gateway_transport","timestamp":1790006132.9255598,"thread":135413016106688,"stage":"request_sent","status":"ok"}
{"event":"gateway_transport","timestamp":1790006134.7596414,"thread":135412936865472,"stage":"response_headers_received","status":"ok","http_status":200}
{"event":"gateway_transport","timestamp":1790006135.7293332,"thread":135413016106688,"stage":"response_headers_received","status":"ok","http_status":200}
{"event":"gateway_transport","timestamp":1790006137.6901248,"thread":135412936865472,"stage":"response_stream_completed","status":"ok","http_status":200}
{"event":"gateway_transport","timestamp":1790006137.83422,"thread":135412936865472,"stage":"resolved","status":"ok"}
{"event":"gateway_transport","timestamp":1790006137.835812,"thread":135412936865472,"stage":"connected","status":"ok"}
{"event":"gateway_transport","timestamp":1790006137.8359742,"thread":135412936865472,"stage":"request_sent","status":"ok"}
{"event":"gateway_transport","timestamp":1790006137.8387246,"thread":135412936865472,"stage":"response_headers_received","status":"ok","http_status":200}
{"event":"gateway_transport","timestamp":1790006137.838873,"thread":135412936865472,"stage":"response_stream_completed","status":"ok","http_status":200}
{"event":"gateway_transport","timestamp":1790006138.7702644,"thread":135412936865472,"stage":"resolved","status":"ok"}
{"event":"gateway_transport","timestamp":1790006138.8423514,"thread":135412928472768,"stage":"resolved","status":"ok"}
{"event":"gateway_transport","timestamp":1790006138.8442934,"thread":135412928472768,"stage":"connected","status":"ok"}
{"event":"gateway_transport","timestamp":1790006138.8444612,"thread":135412928472768,"stage":"request_sent","status":"ok"}
{"event":"gateway_transport","timestamp":1790006138.8461914,"thread":135412928472768,"stage":"response_headers_received","status":"ok","http_status":200}
{"event":"gateway_transport","timestamp":1790006138.8463218,"thread":135412928472768,"stage":"response_stream_completed","status":"ok","http_status":200}
{"event":"gateway_transport","timestamp":1790006139.5228555,"thread":135412936865472,"stage":"connected","status":"ok"}
{"event":"gateway_transport","timestamp":1790006139.5231736,"thread":135412936865472,"stage":"request_sent","status":"ok"}
{"event":"gateway_transport","timestamp":1790006140.4762902,"thread":135413016106688,"stage":"response_stream_completed","status":"ok","http_status":200}
{"event":"gateway_transport","timestamp":1790006140.5835238,"thread":135413016106688,"stage":"resolved","status":"ok"}
{"event":"gateway_transport","timestamp":1790006142.6915166,"thread":135412936865472,"stage":"response_headers_received","status":"ok","http_status":200}
{"event":"gateway_transport","timestamp":1790006143.0181966,"thread":135413016106688,"stage":"connected","status":"ok"}
{"event":"gateway_transport","timestamp":1790006143.0185378,"thread":135413016106688,"stage":"request_sent","status":"ok"}
{"event":"gateway_transport","timestamp":1790006144.2328186,"thread":135412936865472,"stage":"response_stream_completed","status":"ok","http_status":200}
{"event":"gateway_transport","timestamp":1790006144.2567315,"thread":135412936865472,"stage":"resolved","status":"ok"}
{"event":"gateway_transport","timestamp":1790006144.258347,"thread":135412936865472,"stage":"connected","status":"ok"}
{"event":"gateway_transport","timestamp":1790006144.258586,"thread":135412936865472,"stage":"request_sent","status":"ok"}
{"event":"gateway_transport","timestamp":1790006144.2616224,"thread":135412936865472,"stage":"response_headers_received","status":"ok","http_status":200}
{"event":"gateway_transport","timestamp":1790006144.2617898,"thread":135412936865472,"stage":"response_stream_completed","status":"ok","http_status":200}
{"event":"gateway_transport","timestamp":1790006146.5807025,"thread":135413016106688,"stage":"response_headers_received","status":"ok","http_status":200}
{"event":"gateway_transport","timestamp":1790006149.748329,"thread":135413016106688,"stage":"response_stream_completed","status":"ok","http_status":200}
{"event":"gateway_transport","timestamp":1790006149.8728514,"thread":135413016106688,"stage":"resolved","status":"ok"}
{"event":"gateway_transport","timestamp":1790006150.6495051,"thread":135413016106688,"stage":"connected","status":"ok"}
{"event":"gateway_transport","timestamp":1790006150.6498437,"thread":135413016106688,"stage":"request_sent","status":"ok"}
{"event":"gateway_transport","timestamp":1790006154.1446915,"thread":135413016106688,"stage":"response_headers_received","status":"ok","http_status":200}
{"event":"gateway_transport","timestamp":1790006154.2776573,"thread":135412936865472,"stage":"resolved","status":"ok"}
{"event":"gateway_transport","timestamp":1790006154.2795498,"thread":135412936865472,"stage":"connected","status":"ok"}
{"event":"gateway_transport","timestamp":1790006154.2797804,"thread":135412936865472,"stage":"request_sent","status":"ok"}
{"event":"gateway_transport","timestamp":1790006154.2815142,"thread":135412936865472,"stage":"response_headers_received","status":"ok","http_status":200}
{"event":"gateway_transport","timestamp":1790006154.2816591,"thread":135412936865472,"stage":"response_stream_completed","status":"ok","http_status":200}
{"event":"gateway_transport","timestamp":1790006154.3190174,"thread":135412936865472,"stage":"resolved","status":"ok"}
{"event":"gateway_transport","timestamp":1790006156.0582826,"thread":135412936865472,"stage":"connected","status":"ok"}
{"event":"gateway_transport","timestamp":1790006156.0586412,"thread":135412936865472,"stage":"request_sent","status":"ok"}
{"event":"gateway_transport","timestamp":1790006158.3964138,"thread":135412936865472,"stage":"response_headers_received","status":"ok","http_status":200}
{"event":"gateway_transport","timestamp":1790006163.0988955,"thread":135412936865472,"stage":"response_stream_completed","status":"ok","http_status":200}
{"event":"gateway_transport","timestamp":1790006163.3043838,"thread":135412936865472,"stage":"resolved","status":"ok"}
{"event":"gateway_transport","timestamp":1790006163.307137,"thread":135412936865472,"stage":"connected","status":"ok"}
{"event":"gateway_transport","timestamp":1790006163.3073866,"thread":135412936865472,"stage":"request_sent","status":"ok"}
{"event":"gateway_transport","timestamp":1790006163.3107061,"thread":135412936865472,"stage":"response_headers_received","status":"ok","http_status":200}
{"event":"gateway_transport","timestamp":1790006163.3108318,"thread":135412936865472,"stage":"response_stream_completed","status":"ok","http_status":200}
{"event":"gateway_transport","timestamp":1790006164.087138,"thread":135413016106688,"stage":"response_stream_completed","status":"ok","http_status":200}
{"event":"gateway_transport","timestamp":1790006164.180057,"thread":135413016106688,"stage":"resolved","status":"ok"}
{"event":"gateway_transport","timestamp":1790006164.1901033,"thread":135412936865472,"stage":"resolved","status":"ok"}
{"event":"gateway_transport","timestamp":1790006164.3146658,"thread":135412928472768,"stage":"resolved","status":"ok"}
{"event":"gateway_transport","timestamp":1790006164.3174253,"thread":135412928472768,"stage":"connected","status":"ok"}
{"event":"gateway_transport","timestamp":1790006164.317568,"thread":135412928472768,"stage":"request_sent","status":"ok"}
{"event":"gateway_transport","timestamp":1790006164.3193576,"thread":135412928472768,"stage":"response_headers_received","status":"ok","http_status":200}
{"event":"gateway_transport","timestamp":1790006164.3194706,"thread":135412928472768,"stage":"response_stream_completed","status":"ok","http_status":200}
{"event":"gateway_transport","timestamp":1790006164.966808,"thread":135413016106688,"stage":"connected","status":"ok"}
{"event":"gateway_transport","timestamp":1790006164.9680557,"thread":135413016106688,"stage":"request_sent","status":"ok"}
{"event":"gateway_transport","timestamp":1790006166.141407,"thread":135412936865472,"stage":"connected","status":"ok"}
{"event":"gateway_transport","timestamp":1790006166.1418262,"thread":135412936865472,"stage":"request_sent","status":"ok"}
{"event":"gateway_transport","timestamp":1790006168.680243,"thread":135413016106688,"stage":"response_headers_received","status":"ok","http_status":200}
{"event":"gateway_transport","timestamp":1790006169.4725184,"thread":135412936865472,"stage":"response_headers_received","status":"ok","http_status":200}
{"event":"gateway_transport","timestamp":1790006169.945878,"thread":135413016106688,"stage":"response_stream_completed","status":"ok","http_status":200}
{"event":"gateway_transport","timestamp":1790006170.1372325,"thread":135413016106688,"stage":"resolved","status":"ok"}
{"event":"gateway_transport","timestamp":1790006170.1448715,"thread":135413016106688,"stage":"connected","status":"ok"}
{"event":"gateway_transport","timestamp":1790006170.1454477,"thread":135413016106688,"stage":"request_sent","status":"ok"}
{"event":"gateway_transport","timestamp":1790006170.1530092,"thread":135413016106688,"stage":"response_headers_received","status":"ok","http_status":200}
{"event":"gateway_transport","timestamp":1790006170.1532063,"thread":135413016106688,"stage":"response_stream_completed","status":"ok","http_status":200}
{"event":"gateway_transport","timestamp":1790006171.0290117,"thread":135413016106688,"stage":"resolved","status":"ok"}
{"event":"gateway_transport","timestamp":1790006171.162333,"thread":135412928472768,"stage":"resolved","status":"ok"}
{"event":"gateway_transport","timestamp":1790006171.1684656,"thread":135412928472768,"stage":"connected","status":"ok"}
{"event":"gateway_transport","timestamp":1790006171.1687014,"thread":135412928472768,"stage":"request_sent","status":"ok"}
{"event":"gateway_transport","timestamp":1790006171.1707392,"thread":135412928472768,"stage":"response_headers_received","status":"ok","http_status":200}
{"event":"gateway_transport","timestamp":1790006171.1708446,"thread":135412928472768,"stage":"response_stream_completed","status":"ok","http_status":200}
{"event":"gateway_transport","timestamp":1790006172.1627154,"thread":135413016106688,"stage":"connected","status":"ok"}
{"event":"gateway_transport","timestamp":1790006172.1630805,"thread":135413016106688,"stage":"request_sent","status":"ok"}
{"event":"gateway_transport","timestamp":1790006174.605196,"thread":135413016106688,"stage":"response_headers_received","status":"ok","http_status":200}
{"event":"gateway_transport","timestamp":1790006175.7805364,"thread":135413016106688,"stage":"response_stream_completed","status":"ok","http_status":200}
{"event":"gateway_transport","timestamp":1790006175.987258,"thread":135413016106688,"stage":"resolved","status":"ok"}
{"event":"gateway_transport","timestamp":1790006175.994515,"thread":135413016106688,"stage":"connected","status":"ok"}
{"event":"gateway_transport","timestamp":1790006175.9954443,"thread":135413016106688,"stage":"request_sent","status":"ok"}
{"event":"gateway_transport","timestamp":1790006176.0024676,"thread":135413016106688,"stage":"response_headers_received","status":"ok","http_status":200}
{"event":"gateway_transport","timestamp":1790006176.00263,"thread":135413016106688,"stage":"response_stream_completed","status":"ok","http_status":200}
{"event":"gateway_transport","timestamp":1790006176.4927258,"thread":135412936865472,"stage":"response_stream_completed","status":"ok","http_status":200}
{"event":"gateway_transport","timestamp":1790006176.6005955,"thread":135412936865472,"stage":"resolved","status":"ok"}
{"event":"gateway_transport","timestamp":1790006176.8637207,"thread":135413016106688,"stage":"resolved","status":"ok"}
{"event":"gateway_transport","timestamp":1790006177.0065706,"thread":135412928472768,"stage":"resolved","status":"ok"}
{"event":"gateway_transport","timestamp":1790006177.0088887,"thread":135412928472768,"stage":"connected","status":"ok"}
{"event":"gateway_transport","timestamp":1790006177.0091183,"thread":135412928472768,"stage":"request_sent","status":"ok"}
{"event":"gateway_transport","timestamp":1790006177.0109015,"thread":135412928472768,"stage":"response_headers_received","status":"ok","http_status":200}
{"event":"gateway_transport","timestamp":1790006177.0110147,"thread":135412928472768,"stage":"response_stream_completed","status":"ok","http_status":200}
{"event":"gateway_transport","timestamp":1790006177.393711,"thread":135412936865472,"stage":"connected","status":"ok"}
{"event":"gateway_transport","timestamp":1790006177.3955495,"thread":135412936865472,"stage":"request_sent","status":"ok"}
{"event":"gateway_transport","timestamp":1790006177.9512105,"thread":135413016106688,"stage":"connected","status":"ok"}
{"event":"gateway_transport","timestamp":1790006177.9514544,"thread":135413016106688,"stage":"request_sent","status":"ok"}
{"event":"gateway_transport","timestamp":1790006180.5877051,"thread":135413016106688,"stage":"response_headers_received","status":"ok","http_status":200}
{"event":"gateway_transport","timestamp":1790006180.8115673,"thread":135412936865472,"stage":"response_headers_received","status":"ok","http_status":200}
{"event":"gateway_transport","timestamp":1790006182.022521,"thread":135413016106688,"stage":"response_stream_completed","status":"ok","http_status":200}
{"event":"gateway_transport","timestamp":1790006182.227281,"thread":135413016106688,"stage":"resolved","status":"ok"}
{"event":"gateway_transport","timestamp":1790006182.231136,"thread":135413016106688,"stage":"connected","status":"ok"}
{"event":"gateway_transport","timestamp":1790006182.2315168,"thread":135413016106688,"stage":"request_sent","status":"ok"}
{"event":"gateway_transport","timestamp":1790006182.2379777,"thread":135413016106688,"stage":"response_headers_received","status":"ok","http_status":200}
{"event":"gateway_transport","timestamp":1790006182.2382526,"thread":135413016106688,"stage":"response_stream_completed","status":"ok","http_status":200}
{"event":"gateway_transport","timestamp":1790006183.1146936,"thread":135413016106688,"stage":"resolved","status":"ok"}
{"event":"gateway_transport","timestamp":1790006183.2477195,"thread":135412928472768,"stage":"resolved","status":"ok"}
{"event":"gateway_transport","timestamp":1790006183.2548661,"thread":135412928472768,"stage":"connected","status":"ok"}
{"event":"gateway_transport","timestamp":1790006183.2558906,"thread":135412928472768,"stage":"request_sent","status":"ok"}
{"event":"gateway_transport","timestamp":1790006183.261866,"thread":135412928472768,"stage":"response_headers_received","status":"ok","http_status":200}
{"event":"gateway_transport","timestamp":1790006183.262037,"thread":135412928472768,"stage":"response_stream_completed","status":"ok","http_status":200}
{"event":"gateway_transport","timestamp":1790006185.0452547,"thread":135413016106688,"stage":"connected","status":"ok"}
{"event":"gateway_transport","timestamp":1790006185.0455241,"thread":135413016106688,"stage":"request_sent","status":"ok"}
{"event":"gateway_transport","timestamp":1790006187.4762726,"thread":135413016106688,"stage":"response_headers_received","status":"ok","http_status":200}
{"event":"gateway_transport","timestamp":1790006188.9902644,"thread":135413016106688,"stage":"response_stream_completed","status":"ok","http_status":200}
{"event":"gateway_transport","timestamp":1790006189.0737624,"thread":135413016106688,"stage":"resolved","status":"ok"}
{"event":"gateway_transport","timestamp":1790006189.076013,"thread":135413016106688,"stage":"connected","status":"ok"}
{"event":"gateway_transport","timestamp":1790006189.0762415,"thread":135413016106688,"stage":"request_sent","status":"ok"}
{"event":"gateway_transport","timestamp":1790006189.0795295,"thread":135413016106688,"stage":"response_headers_received","status":"ok","http_status":200}
{"event":"gateway_transport","timestamp":1790006189.079707,"thread":135413016106688,"stage":"response_stream_completed","status":"ok","http_status":200}
{"event":"gateway_transport","timestamp":1790006190.0756116,"thread":135413016106688,"stage":"resolved","status":"ok"}
{"event":"gateway_transport","timestamp":1790006190.083734,"thread":135412928472768,"stage":"resolved","status":"ok"}
{"event":"gateway_transport","timestamp":1790006190.0855834,"thread":135412928472768,"stage":"connected","status":"ok"}
{"event":"gateway_transport","timestamp":1790006190.0858407,"thread":135412928472768,"stage":"request_sent","status":"ok"}
{"event":"gateway_transport","timestamp":1790006190.0882149,"thread":135412928472768,"stage":"response_headers_received","status":"ok","http_status":200}
{"event":"gateway_transport","timestamp":1790006190.0883846,"thread":135412928472768,"stage":"response_stream_completed","status":"ok","http_status":200}
{"event":"gateway_transport","timestamp":1790006191.249737,"thread":135413016106688,"stage":"connected","status":"ok"}
{"event":"gateway_transport","timestamp":1790006191.250086,"thread":135413016106688,"stage":"request_sent","status":"ok"}
{"event":"gateway_transport","timestamp":1790006193.3232114,"thread":135412936865472,"stage":"response_stream_completed","status":"ok","http_status":200}
{"event":"gateway_transport","timestamp":1790006193.4355989,"thread":135412936865472,"stage":"resolved","status":"ok"}
{"event":"gateway_transport","timestamp":1790006193.9089315,"thread":135413016106688,"stage":"response_headers_received","status":"ok","http_status":200}
{"event":"gateway_transport","timestamp":1790006195.0509202,"thread":135412936865472,"stage":"connected","status":"ok"}
{"event":"gateway_transport","timestamp":1790006195.0513024,"thread":135412936865472,"stage":"request_sent","status":"ok"}
{"event":"gateway_transport","timestamp":1790006195.3161373,"thread":135413016106688,"stage":"response_stream_completed","status":"ok","http_status":200}
{"event":"gateway_transport","timestamp":1790006195.4149313,"thread":135413016106688,"stage":"resolved","status":"ok"}
{"event":"gateway_transport","timestamp":1790006195.4991853,"thread":135412928472768,"stage":"resolved","status":"ok"}
{"event":"gateway_transport","timestamp":1790006195.514356,"thread":135412928472768,"stage":"connected","status":"ok"}
{"event":"gateway_transport","timestamp":1790006195.5146089,"thread":135412928472768,"stage":"request_sent","status":"ok"}
{"event":"gateway_transport","timestamp":1790006195.523517,"thread":135412928472768,"stage":"response_headers_received","status":"ok","http_status":200}
{"event":"gateway_transport","timestamp":1790006195.5236979,"thread":135412928472768,"stage":"response_stream_completed","status":"ok","http_status":200}
{"event":"gateway_transport","timestamp":1790006196.221489,"thread":135413016106688,"stage":"connected","status":"ok"}
{"event":"gateway_transport","timestamp":1790006196.221761,"thread":135413016106688,"stage":"request_sent","status":"ok"}
{"event":"gateway_transport","timestamp":1790006198.213711,"thread":135412936865472,"stage":"response_headers_received","status":"ok","http_status":200}
{"event":"gateway_transport","timestamp":1790006198.821042,"thread":135413016106688,"stage":"response_headers_received","status":"ok","http_status":200}
{"event":"gateway_transport","timestamp":1790006200.9564927,"thread":135413016106688,"stage":"response_stream_completed","status":"ok","http_status":200}
{"event":"gateway_transport","timestamp":1790006201.1352038,"thread":135413016106688,"stage":"resolved","status":"ok"}
{"event":"gateway_transport","timestamp":1790006201.1375353,"thread":135413016106688,"stage":"connected","status":"ok"}
{"event":"gateway_transport","timestamp":1790006201.1377013,"thread":135413016106688,"stage":"request_sent","status":"ok"}
{"event":"gateway_transport","timestamp":1790006201.140665,"thread":135413016106688,"stage":"response_headers_received","status":"ok","http_status":200}
{"event":"gateway_transport","timestamp":1790006201.1407957,"thread":135413016106688,"stage":"response_stream_completed","status":"ok","http_status":200}
{"event":"gateway_transport","timestamp":1790006202.0424242,"thread":135413016106688,"stage":"resolved","status":"ok"}
{"event":"gateway_transport","timestamp":1790006202.0689197,"thread":135412936865472,"stage":"response_stream_completed","status":"ok","http_status":200}
{"event":"gateway_transport","timestamp":1790006202.1442993,"thread":135412936865472,"stage":"resolved","status":"ok"}
{"event":"gateway_transport","timestamp":1790006202.145971,"thread":135412936865472,"stage":"connected","status":"ok"}
{"event":"gateway_transport","timestamp":1790006202.1461701,"thread":135412936865472,"stage":"request_sent","status":"ok"}
{"event":"gateway_transport","timestamp":1790006202.147937,"thread":135412936865472,"stage":"response_headers_received","status":"ok","http_status":200}
{"event":"gateway_transport","timestamp":1790006202.1480901,"thread":135412936865472,"stage":"response_stream_completed","status":"ok","http_status":200}
{"event":"gateway_transport","timestamp":1790006202.1856043,"thread":135412936865472,"stage":"resolved","status":"ok"}
{"event":"gateway_transport","timestamp":1790006203.9499397,"thread":135413016106688,"stage":"connected","status":"ok"}
{"event":"gateway_transport","timestamp":1790006203.9504037,"thread":135413016106688,"stage":"request_sent","status":"ok"}
{"event":"gateway_transport","timestamp":1790006206.304279,"thread":135412936865472,"stage":"connected","status":"ok"}
{"event":"gateway_transport","timestamp":1790006206.3046536,"thread":135412936865472,"stage":"request_sent","status":"ok"}
{"event":"gateway_transport","timestamp":1790006206.450446,"thread":135413016106688,"stage":"response_headers_received","status":"ok","http_status":200}
{"event":"gateway_transport","timestamp":1790006208.1096013,"thread":135413016106688,"stage":"response_stream_completed","status":"ok","http_status":200}
{"event":"gateway_transport","timestamp":1790006208.1600833,"thread":135413016106688,"stage":"resolved","status":"ok"}
{"event":"gateway_transport","timestamp":1790006208.161847,"thread":135413016106688,"stage":"connected","status":"ok"}
{"event":"gateway_transport","timestamp":1790006208.1620426,"thread":135413016106688,"stage":"request_sent","status":"ok"}
{"event":"gateway_transport","timestamp":1790006208.1649063,"thread":135413016106688,"stage":"response_headers_received","status":"ok","http_status":200}
{"event":"gateway_transport","timestamp":1790006208.1650329,"thread":135413016106688,"stage":"response_stream_completed","status":"ok","http_status":200}
{"event":"gateway_transport","timestamp":1790006208.1916125,"thread":135413016106688,"stage":"resolved","status":"ok"}
{"event":"gateway_transport","timestamp":1790006208.9824429,"thread":135413016106688,"stage":"connected","status":"ok"}
{"event":"gateway_transport","timestamp":1790006208.9827037,"thread":135413016106688,"stage":"request_sent","status":"ok"}
{"event":"gateway_transport","timestamp":1790006209.756036,"thread":135412936865472,"stage":"response_headers_received","status":"ok","http_status":200}
{"event":"gateway_transport","timestamp":1790006211.606005,"thread":135413016106688,"stage":"response_headers_received","status":"ok","http_status":200}
{"event":"gateway_transport","timestamp":1790006214.7336948,"thread":135412936865472,"stage":"response_stream_completed","status":"ok","http_status":200}
{"event":"gateway_transport","timestamp":1790006219.8856041,"thread":135413016106688,"stage":"response_stream_completed","status":"ok","http_status":200}
{"event":"gateway_transport","timestamp":1790006219.9874883,"thread":135413016106688,"stage":"resolved","status":"ok"}
{"event":"gateway_transport","timestamp":1790006219.9903913,"thread":135413016106688,"stage":"connected","status":"ok"}
{"event":"gateway_transport","timestamp":1790006219.9906132,"thread":135413016106688,"stage":"request_sent","status":"ok"}
{"event":"gateway_transport","timestamp":1790006219.9941802,"thread":135413016106688,"stage":"response_headers_received","status":"ok","http_status":200}
{"event":"gateway_transport","timestamp":1790006219.9943447,"thread":135413016106688,"stage":"response_stream_completed","status":"ok","http_status":200}
{"event":"gateway_transport","timestamp":1790006220.0099175,"thread":135412936865472,"stage":"resolved","status":"ok"}
{"event":"gateway_transport","timestamp":1790006220.7735283,"thread":135412936865472,"stage":"connected","status":"ok"}
{"event":"gateway_transport","timestamp":1790006220.773923,"thread":135412936865472,"stage":"request_sent","status":"ok"}
{"event":"gateway_transport","timestamp":1790006223.3071902,"thread":135412936865472,"stage":"response_headers_received","status":"ok","http_status":200}
{"event":"gateway_transport","timestamp":1790006225.6328971,"thread":135412936865472,"stage":"response_stream_completed","status":"ok","http_status":200}
{"event":"gateway_transport","timestamp":1790006225.8075528,"thread":135412936865472,"stage":"resolved","status":"ok"}
{"event":"gateway_transport","timestamp":1790006225.8095248,"thread":135412936865472,"stage":"connected","status":"ok"}
{"event":"gateway_transport","timestamp":1790006225.809748,"thread":135412936865472,"stage":"request_sent","status":"ok"}
{"event":"gateway_transport","timestamp":1790006225.81236,"thread":135412936865472,"stage":"response_headers_received","status":"ok","http_status":200}
{"event":"gateway_transport","timestamp":1790006225.8124733,"thread":135412936865472,"stage":"response_stream_completed","status":"ok","http_status":200}
{"event":"gateway_transport","timestamp":1790006226.7266142,"thread":135412936865472,"stage":"resolved","status":"ok"}
{"event":"gateway_transport","timestamp":1790006226.8163629,"thread":135413016106688,"stage":"resolved","status":"ok"}
{"event":"gateway_transport","timestamp":1790006226.8181977,"thread":135413016106688,"stage":"connected","status":"ok"}
{"event":"gateway_transport","timestamp":1790006226.8183532,"thread":135413016106688,"stage":"request_sent","status":"ok"}
{"event":"gateway_transport","timestamp":1790006226.8199499,"thread":135413016106688,"stage":"response_headers_received","status":"ok","http_status":200}
{"event":"gateway_transport","timestamp":1790006226.8200638,"thread":135413016106688,"stage":"response_stream_completed","status":"ok","http_status":200}
{"event":"gateway_transport","timestamp":1790006230.0418093,"thread":135412936865472,"stage":"connected","status":"ok"}
{"event":"gateway_transport","timestamp":1790006230.0420704,"thread":135412936865472,"stage":"request_sent","status":"ok"}
{"event":"gateway_transport","timestamp":1790006233.0997114,"thread":135412936865472,"stage":"response_headers_received","status":"ok","http_status":200}
{"event":"gateway_transport","timestamp":1790006235.7202225,"thread":135412936865472,"stage":"response_stream_completed","status":"ok","http_status":200}
{"event":"gateway_transport","timestamp":1790006235.8008375,"thread":135412936865472,"stage":"resolved","status":"ok"}
{"event":"gateway_transport","timestamp":1790006235.8373783,"thread":135413016106688,"stage":"resolved","status":"ok"}
{"event":"gateway_transport","timestamp":1790006235.8392076,"thread":135413016106688,"stage":"connected","status":"ok"}
{"event":"gateway_transport","timestamp":1790006235.839369,"thread":135413016106688,"stage":"request_sent","status":"ok"}
{"event":"gateway_transport","timestamp":1790006235.8423378,"thread":135413016106688,"stage":"response_headers_received","status":"ok","http_status":200}
{"event":"gateway_transport","timestamp":1790006235.842463,"thread":135413016106688,"stage":"response_stream_completed","status":"ok","http_status":200}
{"event":"gateway_transport","timestamp":1790006236.5989888,"thread":135412936865472,"stage":"connected","status":"ok"}
{"event":"gateway_transport","timestamp":1790006236.5994287,"thread":135412936865472,"stage":"request_sent","status":"ok"}
{"event":"gateway_transport","timestamp":1790006240.946726,"thread":135412936865472,"stage":"response_headers_received","status":"ok","http_status":200}
{"event":"gateway_transport","timestamp":1790006243.7493627,"thread":135412936865472,"stage":"response_stream_completed","status":"ok","http_status":200}
{"event":"gateway_transport","timestamp":1790006243.8637865,"thread":135412936865472,"stage":"resolved","status":"ok"}
{"event":"gateway_transport","timestamp":1790006243.870608,"thread":135412936865472,"stage":"connected","status":"ok"}
{"event":"gateway_transport","timestamp":1790006243.8719518,"thread":135412936865472,"stage":"request_sent","status":"ok"}
{"event":"gateway_transport","timestamp":1790006243.879308,"thread":135412936865472,"stage":"response_headers_received","status":"ok","http_status":200}
{"event":"gateway_transport","timestamp":1790006243.879459,"thread":135412936865472,"stage":"response_stream_completed","status":"ok","http_status":200}
{"event":"gateway_transport","timestamp":1790006244.8296661,"thread":135412936865472,"stage":"resolved","status":"ok"}
{"event":"gateway_transport","timestamp":1790006244.8841789,"thread":135413016106688,"stage":"resolved","status":"ok"}
{"event":"gateway_transport","timestamp":1790006244.8856843,"thread":135413016106688,"stage":"connected","status":"ok"}
{"event":"gateway_transport","timestamp":1790006244.8859653,"thread":135413016106688,"stage":"request_sent","status":"ok"}
{"event":"gateway_transport","timestamp":1790006244.8875318,"thread":135413016106688,"stage":"response_headers_received","status":"ok","http_status":200}
{"event":"gateway_transport","timestamp":1790006244.8876746,"thread":135413016106688,"stage":"response_stream_completed","status":"ok","http_status":200}
{"event":"gateway_transport","timestamp":1790006245.5813587,"thread":135412936865472,"stage":"connected","status":"ok"}
{"event":"gateway_transport","timestamp":1790006245.5825093,"thread":135412936865472,"stage":"request_sent","status":"ok"}
{"event":"gateway_transport","timestamp":1790006249.0136683,"thread":135412936865472,"stage":"response_headers_received","status":"ok","http_status":200}
{"event":"gateway_transport","timestamp":1790006251.541108,"thread":135412936865472,"stage":"response_stream_completed","status":"ok","http_status":200}
{"event":"gateway_transport","timestamp":1790006251.6233861,"thread":135412936865472,"stage":"resolved","status":"ok"}
{"event":"gateway_transport","timestamp":1790006251.6300135,"thread":135413016106688,"stage":"resolved","status":"ok"}
{"event":"gateway_transport","timestamp":1790006251.7001896,"thread":135412928472768,"stage":"resolved","status":"ok"}
{"event":"gateway_transport","timestamp":1790006251.7020798,"thread":135412928472768,"stage":"connected","status":"ok"}
{"event":"gateway_transport","timestamp":1790006251.702288,"thread":135412928472768,"stage":"request_sent","status":"ok"}
{"event":"gateway_transport","timestamp":1790006251.7050488,"thread":135412928472768,"stage":"response_headers_received","status":"ok","http_status":200}
{"event":"gateway_transport","timestamp":1790006251.7051675,"thread":135412928472768,"stage":"response_stream_completed","status":"ok","http_status":200}
{"event":"gateway_transport","timestamp":1790006252.3695257,"thread":135413016106688,"stage":"connected","status":"ok"}
{"event":"gateway_transport","timestamp":1790006252.3698764,"thread":135413016106688,"stage":"request_sent","status":"ok"}
{"event":"gateway_transport","timestamp":1790006253.483693,"thread":135412936865472,"stage":"connected","status":"ok"}
{"event":"gateway_transport","timestamp":1790006253.4841757,"thread":135412936865472,"stage":"request_sent","status":"ok"}
{"event":"gateway_transport","timestamp":1790006255.582426,"thread":135413016106688,"stage":"response_headers_received","status":"ok","http_status":200}
{"event":"gateway_transport","timestamp":1790006256.3892422,"thread":135412936865472,"stage":"response_headers_received","status":"ok","http_status":200}
{"event":"gateway_transport","timestamp":1790006258.688393,"thread":135413016106688,"stage":"response_stream_completed","status":"ok","http_status":200}
{"event":"gateway_transport","timestamp":1790006258.8097136,"thread":135413016106688,"stage":"resolved","status":"ok"}
{"event":"gateway_transport","timestamp":1790006259.3587344,"thread":135412936865472,"stage":"response_stream_completed","status":"ok","http_status":200}
{"event":"gateway_transport","timestamp":1790006259.4466975,"thread":135412936865472,"stage":"resolved","status":"ok"}
{"event":"gateway_transport","timestamp":1790006259.520611,"thread":135412928472768,"stage":"resolved","status":"ok"}
{"event":"gateway_transport","timestamp":1790006259.5230343,"thread":135412928472768,"stage":"connected","status":"ok"}
{"event":"gateway_transport","timestamp":1790006259.523279,"thread":135412928472768,"stage":"request_sent","status":"ok"}
{"event":"gateway_transport","timestamp":1790006259.5261478,"thread":135412928472768,"stage":"response_headers_received","status":"ok","http_status":200}
{"event":"gateway_transport","timestamp":1790006259.5262773,"thread":135412928472768,"stage":"response_stream_completed","status":"ok","http_status":200}
{"event":"gateway_transport","timestamp":1790006259.914926,"thread":135413016106688,"stage":"connected","status":"ok"}
{"event":"gateway_transport","timestamp":1790006259.9152894,"thread":135413016106688,"stage":"request_sent","status":"ok"}
{"event":"gateway_transport","timestamp":1790006260.19697,"thread":135412936865472,"stage":"connected","status":"ok"}
{"event":"gateway_transport","timestamp":1790006260.1972744,"thread":135412936865472,"stage":"request_sent","status":"ok"}
{"event":"gateway_transport","timestamp":1790006263.1661873,"thread":135412936865472,"stage":"response_headers_received","status":"ok","http_status":200}
{"event":"gateway_transport","timestamp":1790006263.6262815,"thread":135413016106688,"stage":"response_headers_received","status":"ok","http_status":200}
{"event":"gateway_transport","timestamp":1790006269.7508936,"thread":135413016106688,"stage":"response_stream_completed","status":"ok","http_status":200}
{"event":"gateway_transport","timestamp":1790006269.8899918,"thread":135413016106688,"stage":"resolved","status":"ok"}
{"event":"gateway_transport","timestamp":1790006271.6941454,"thread":135413016106688,"stage":"connected","status":"ok"}
{"event":"gateway_transport","timestamp":1790006271.6958904,"thread":135413016106688,"stage":"request_sent","status":"ok"}
{"event":"gateway_transport","timestamp":1790006275.5895426,"thread":135413016106688,"stage":"response_headers_received","status":"ok","http_status":200}
{"event":"gateway_transport","timestamp":1790006279.5253973,"thread":135412936865472,"stage":"response_stream_completed","status":"ok","http_status":200}
{"event":"gateway_transport","timestamp":1790006279.5562103,"thread":135412936865472,"stage":"resolved","status":"ok"}
{"event":"gateway_transport","timestamp":1790006279.557771,"thread":135412936865472,"stage":"connected","status":"ok"}
{"event":"gateway_transport","timestamp":1790006279.5580294,"thread":135412936865472,"stage":"request_sent","status":"ok"}
{"event":"gateway_transport","timestamp":1790006279.5606756,"thread":135412936865472,"stage":"response_headers_received","status":"ok","http_status":200}
{"event":"gateway_transport","timestamp":1790006279.5607946,"thread":135412936865472,"stage":"response_stream_completed","status":"ok","http_status":200}
{"event":"gateway_transport","timestamp":1790006279.618565,"thread":135412936865472,"stage":"resolved","status":"ok"}
{"event":"gateway_transport","timestamp":1790006280.4287672,"thread":135412936865472,"stage":"connected","status":"ok"}
{"event":"gateway_transport","timestamp":1790006280.4291675,"thread":135412936865472,"stage":"request_sent","status":"ok"}
{"event":"gateway_transport","timestamp":1790006283.3748636,"thread":135412936865472,"stage":"response_headers_received","status":"ok","http_status":200}
{"event":"gateway_transport","timestamp":1790006285.201573,"thread":135412936865472,"stage":"response_stream_completed","status":"ok","http_status":200}
{"event":"gateway_transport","timestamp":1790006285.3733685,"thread":135412936865472,"stage":"resolved","status":"ok"}
{"event":"gateway_transport","timestamp":1790006285.3757486,"thread":135412936865472,"stage":"connected","status":"ok"}
{"event":"gateway_transport","timestamp":1790006285.3759844,"thread":135412936865472,"stage":"request_sent","status":"ok"}
{"event":"gateway_transport","timestamp":1790006285.379026,"thread":135412936865472,"stage":"response_headers_received","status":"ok","http_status":200}
{"event":"gateway_transport","timestamp":1790006285.379199,"thread":135412936865472,"stage":"response_stream_completed","status":"ok","http_status":200}
{"event":"gateway_transport","timestamp":1790006286.2825315,"thread":135412936865472,"stage":"resolved","status":"ok"}
{"event":"gateway_transport","timestamp":1790006286.38345,"thread":135412928472768,"stage":"resolved","status":"ok"}
{"event":"gateway_transport","timestamp":1790006286.3853872,"thread":135412928472768,"stage":"connected","status":"ok"}
{"event":"gateway_transport","timestamp":1790006286.3855352,"thread":135412928472768,"stage":"request_sent","status":"ok"}
{"event":"gateway_transport","timestamp":1790006286.387331,"thread":135412928472768,"stage":"response_headers_received","status":"ok","http_status":200}
{"event":"gateway_transport","timestamp":1790006286.3874538,"thread":135412928472768,"stage":"response_stream_completed","status":"ok","http_status":200}
{"event":"gateway_transport","timestamp":1790006291.5204074,"thread":135412936865472,"stage":"connected","status":"ok"}
{"event":"gateway_transport","timestamp":1790006291.5206404,"thread":135412936865472,"stage":"request_sent","status":"ok"}
{"event":"gateway_transport","timestamp":1790006294.2955592,"thread":135412936865472,"stage":"response_headers_received","status":"ok","http_status":200}
{"event":"gateway_transport","timestamp":1790006296.6214752,"thread":135413016106688,"stage":"response_stream_completed","status":"ok","http_status":200}
{"event":"gateway_transport","timestamp":1790006296.7621963,"thread":135413016106688,"stage":"resolved","status":"ok"}
{"event":"gateway_transport","timestamp":1790006296.8577702,"thread":135412936865472,"stage":"response_stream_completed","status":"ok","http_status":200}
{"event":"gateway_transport","timestamp":1790006297.0149071,"thread":135412936865472,"stage":"resolved","status":"ok"}
{"event":"gateway_transport","timestamp":1790006297.021847,"thread":135412936865472,"stage":"connected","status":"ok"}
{"event":"gateway_transport","timestamp":1790006297.0232904,"thread":135412936865472,"stage":"request_sent","status":"ok"}
{"event":"gateway_transport","timestamp":1790006297.032872,"thread":135412936865472,"stage":"response_headers_received","status":"ok","http_status":200}
{"event":"gateway_transport","timestamp":1790006297.033008,"thread":135412936865472,"stage":"response_stream_completed","status":"ok","http_status":200}
{"event":"gateway_transport","timestamp":1790006297.9459717,"thread":135412936865472,"stage":"resolved","status":"ok"}
{"event":"gateway_transport","timestamp":1790006298.0426712,"thread":135412928472768,"stage":"resolved","status":"ok"}
{"event":"gateway_transport","timestamp":1790006298.0494435,"thread":135412928472768,"stage":"connected","status":"ok"}
{"event":"gateway_transport","timestamp":1790006298.0503383,"thread":135412928472768,"stage":"request_sent","status":"ok"}
{"event":"gateway_transport","timestamp":1790006298.0578918,"thread":135412928472768,"stage":"response_headers_received","status":"ok","http_status":200}
{"event":"gateway_transport","timestamp":1790006298.058094,"thread":135412928472768,"stage":"response_stream_completed","status":"ok","http_status":200}
{"event":"gateway_transport","timestamp":1790006298.6180058,"thread":135413016106688,"stage":"connected","status":"ok"}
{"event":"gateway_transport","timestamp":1790006298.6197345,"thread":135413016106688,"stage":"request_sent","status":"ok"}
{"event":"gateway_transport","timestamp":1790006299.0406132,"thread":135412936865472,"stage":"connected","status":"ok"}
{"event":"gateway_transport","timestamp":1790006299.0410178,"thread":135412936865472,"stage":"request_sent","status":"ok"}
{"event":"gateway_transport","timestamp":1790006302.0596466,"thread":135412936865472,"stage":"response_headers_received","status":"ok","http_status":200}
{"event":"gateway_transport","timestamp":1790006302.165361,"thread":135413016106688,"stage":"response_headers_received","status":"ok","http_status":200}
{"event":"gateway_transport","timestamp":1790006313.2814865,"thread":135413016106688,"stage":"response_stream_completed","status":"ok","http_status":200}
{"event":"gateway_transport","timestamp":1790006313.3858714,"thread":135413016106688,"stage":"resolved","status":"ok"}
{"event":"gateway_transport","timestamp":1790006314.1730046,"thread":135413016106688,"stage":"connected","status":"ok"}
{"event":"gateway_transport","timestamp":1790006314.1747103,"thread":135413016106688,"stage":"request_sent","status":"ok"}
{"event":"gateway_transport","timestamp":1790006314.7062392,"thread":135412936865472,"stage":"response_stream_completed","status":"ok","http_status":200}
{"event":"gateway_transport","timestamp":1790006314.783857,"thread":135412936865472,"stage":"resolved","status":"ok"}
{"event":"gateway_transport","timestamp":1790006314.8875358,"thread":135412928472768,"stage":"resolved","status":"ok"}
{"event":"gateway_transport","timestamp":1790006314.8895974,"thread":135412928472768,"stage":"connected","status":"ok"}
{"event":"gateway_transport","timestamp":1790006314.889784,"thread":135412928472768,"stage":"request_sent","status":"ok"}
{"event":"gateway_transport","timestamp":1790006314.8930874,"thread":135412928472768,"stage":"response_headers_received","status":"ok","http_status":200}
{"event":"gateway_transport","timestamp":1790006314.8932009,"thread":135412928472768,"stage":"response_stream_completed","status":"ok","http_status":200}
{"event":"gateway_transport","timestamp":1790006315.5275233,"thread":135412936865472,"stage":"connected","status":"ok"}
{"event":"gateway_transport","timestamp":1790006315.527822,"thread":135412936865472,"stage":"request_sent","status":"ok"}
{"event":"gateway_transport","timestamp":1790006318.303931,"thread":135413016106688,"stage":"response_headers_received","status":"ok","http_status":200}
{"event":"gateway_transport","timestamp":1790006319.6925406,"thread":135412936865472,"stage":"response_headers_received","status":"ok","http_status":200}
{"event":"gateway_transport","timestamp":1790006321.3944159,"thread":135412936865472,"stage":"response_stream_completed","status":"ok","http_status":200}
{"event":"gateway_transport","timestamp":1790006321.4912891,"thread":135412936865472,"stage":"resolved","status":"ok"}
{"event":"gateway_transport","timestamp":1790006321.50564,"thread":135412928472768,"stage":"resolved","status":"ok"}
{"event":"gateway_transport","timestamp":1790006321.507562,"thread":135412928472768,"stage":"connected","status":"ok"}
{"event":"gateway_transport","timestamp":1790006321.5078049,"thread":135412928472768,"stage":"request_sent","status":"ok"}
{"event":"gateway_transport","timestamp":1790006321.511027,"thread":135412928472768,"stage":"response_headers_received","status":"ok","http_status":200}
{"event":"gateway_transport","timestamp":1790006321.5112212,"thread":135412928472768,"stage":"response_stream_completed","status":"ok","http_status":200}
{"event":"gateway_transport","timestamp":1790006322.2780623,"thread":135412936865472,"stage":"connected","status":"ok"}
{"event":"gateway_transport","timestamp":1790006322.2793424,"thread":135412936865472,"stage":"request_sent","status":"ok"}
{"event":"gateway_transport","timestamp":1790006325.805708,"thread":135412936865472,"stage":"response_headers_received","status":"ok","http_status":200}
{"event":"gateway_transport","timestamp":1790006330.85051,"thread":135413016106688,"stage":"response_stream_completed","status":"ok","http_status":200}
{"event":"gateway_transport","timestamp":1790006330.9579098,"thread":135413016106688,"stage":"resolved","status":"ok"}
{"event":"gateway_transport","timestamp":1790006332.7437947,"thread":135413016106688,"stage":"connected","status":"ok"}
{"event":"gateway_transport","timestamp":1790006332.7456708,"thread":135413016106688,"stage":"request_sent","status":"ok"}
{"event":"gateway_transport","timestamp":1790006332.9144018,"thread":135412936865472,"stage":"response_stream_completed","status":"ok","http_status":200}
{"event":"gateway_transport","timestamp":1790006332.9313512,"thread":135412936865472,"stage":"resolved","status":"ok"}
{"event":"gateway_transport","timestamp":1790006332.9330964,"thread":135412936865472,"stage":"connected","status":"ok"}
{"event":"gateway_transport","timestamp":1790006332.9332688,"thread":135412936865472,"stage":"request_sent","status":"ok"}
{"event":"gateway_transport","timestamp":1790006332.9362733,"thread":135412936865472,"stage":"response_headers_received","status":"ok","http_status":200}
{"event":"gateway_transport","timestamp":1790006332.9364333,"thread":135412936865472,"stage":"response_stream_completed","status":"ok","http_status":200}
{"event":"gateway_transport","timestamp":1790006333.003086,"thread":135412936865472,"stage":"resolved","status":"ok"}
{"event":"gateway_transport","timestamp":1790006333.1394725,"thread":135412928472768,"stage":"resolved","status":"ok"}
{"event":"gateway_transport","timestamp":1790006333.1413703,"thread":135412928472768,"stage":"connected","status":"ok"}
{"event":"gateway_transport","timestamp":1790006333.141558,"thread":135412928472768,"stage":"request_sent","status":"ok"}
{"event":"gateway_transport","timestamp":1790006333.1433892,"thread":135412928472768,"stage":"response_headers_received","status":"ok","http_status":200}
{"event":"gateway_transport","timestamp":1790006333.1435316,"thread":135412928472768,"stage":"response_stream_completed","status":"ok","http_status":200}
{"event":"gateway_transport","timestamp":1790006335.0147512,"thread":135412936865472,"stage":"connected","status":"ok"}
{"event":"gateway_transport","timestamp":1790006335.0150652,"thread":135412936865472,"stage":"request_sent","status":"ok"}
{"event":"gateway_transport","timestamp":1790006336.9165697,"thread":135413016106688,"stage":"response_headers_received","status":"ok","http_status":200}
{"event":"gateway_transport","timestamp":1790006337.770577,"thread":135412936865472,"stage":"response_headers_received","status":"ok","http_status":200}
{"event":"gateway_transport","timestamp":1790006354.1571832,"thread":135412936865472,"stage":"response_stream_completed","status":"ok","http_status":200}
{"event":"gateway_transport","timestamp":1790006354.175527,"thread":135412936865472,"stage":"resolved","status":"ok"}
{"event":"gateway_transport","timestamp":1790006354.1773493,"thread":135412936865472,"stage":"connected","status":"ok"}
{"event":"gateway_transport","timestamp":1790006354.177556,"thread":135412936865472,"stage":"request_sent","status":"ok"}
{"event":"gateway_transport","timestamp":1790006354.1809568,"thread":135412936865472,"stage":"response_headers_received","status":"ok","http_status":200}
{"event":"gateway_transport","timestamp":1790006354.181096,"thread":135412936865472,"stage":"response_stream_completed","status":"ok","http_status":200}
{"event":"gateway_transport","timestamp":1790006354.2596881,"thread":135412936865472,"stage":"resolved","status":"ok"}
{"event":"gateway_transport","timestamp":1790006354.3838837,"thread":135412928472768,"stage":"resolved","status":"ok"}
{"event":"gateway_transport","timestamp":1790006354.3860872,"thread":135412928472768,"stage":"connected","status":"ok"}
{"event":"gateway_transport","timestamp":1790006354.3862386,"thread":135412928472768,"stage":"request_sent","status":"ok"}
{"event":"gateway_transport","timestamp":1790006354.3878517,"thread":135412928472768,"stage":"response_headers_received","status":"ok","http_status":200}
{"event":"gateway_transport","timestamp":1790006354.3879626,"thread":135412928472768,"stage":"response_stream_completed","status":"ok","http_status":200}
{"event":"gateway_transport","timestamp":1790006354.8001392,"thread":135413016106688,"stage":"response_stream_completed","status":"ok","http_status":200}
{"event":"gateway_transport","timestamp":1790006354.9688728,"thread":135413016106688,"stage":"resolved","status":"ok"}
{"event":"gateway_transport","timestamp":1790006354.989538,"thread":135412936865472,"stage":"connected","status":"ok"}
{"event":"gateway_transport","timestamp":1790006354.9898555,"thread":135412936865472,"stage":"request_sent","status":"ok"}
{"event":"gateway_transport","timestamp":1790006358.408964,"thread":135412936865472,"stage":"response_headers_received","status":"ok","http_status":200}
{"event":"gateway_transport","timestamp":1790006359.1006045,"thread":135413016106688,"stage":"connected","status":"ok"}
{"event":"gateway_transport","timestamp":1790006359.1067011,"thread":135413016106688,"stage":"request_sent","status":"ok"}
{"event":"gateway_transport","timestamp":1790006363.2134311,"thread":135412936865472,"stage":"response_stream_completed","status":"ok","http_status":200}
{"event":"gateway_transport","timestamp":1790006363.311366,"thread":135412936865472,"stage":"resolved","status":"ok"}
{"event":"gateway_transport","timestamp":1790006363.4033506,"thread":135412928472768,"stage":"resolved","status":"ok"}
{"event":"gateway_transport","timestamp":1790006363.4051225,"thread":135412928472768,"stage":"connected","status":"ok"}
{"event":"gateway_transport","timestamp":1790006363.405278,"thread":135412928472768,"stage":"request_sent","status":"ok"}
{"event":"gateway_transport","timestamp":1790006363.4083729,"thread":135412928472768,"stage":"response_headers_received","status":"ok","http_status":200}
{"event":"gateway_transport","timestamp":1790006363.40849,"thread":135412928472768,"stage":"response_stream_completed","status":"ok","http_status":200}
{"event":"gateway_transport","timestamp":1790006363.5730944,"thread":135413016106688,"stage":"response_headers_received","status":"ok","http_status":200}
{"event":"gateway_transport","timestamp":1790006364.049385,"thread":135412936865472,"stage":"connected","status":"ok"}
{"event":"gateway_transport","timestamp":1790006364.049758,"thread":135412936865472,"stage":"request_sent","status":"ok"}
{"event":"gateway_transport","timestamp":1790006367.272933,"thread":135412936865472,"stage":"response_headers_received","status":"ok","http_status":200}
{"event":"gateway_transport","timestamp":1790006368.424131,"thread":135412936865472,"stage":"response_stream_completed","status":"ok","http_status":200}
{"event":"gateway_transport","timestamp":1790006368.6178257,"thread":135412936865472,"stage":"resolved","status":"ok"}
{"event":"gateway_transport","timestamp":1790006368.6197221,"thread":135412936865472,"stage":"connected","status":"ok"}
{"event":"gateway_transport","timestamp":1790006368.619989,"thread":135412936865472,"stage":"request_sent","status":"ok"}
{"event":"gateway_transport","timestamp":1790006368.6224542,"thread":135412936865472,"stage":"response_headers_received","status":"ok","http_status":200}
{"event":"gateway_transport","timestamp":1790006368.6225886,"thread":135412936865472,"stage":"response_stream_completed","status":"ok","http_status":200}
{"event":"gateway_transport","timestamp":1790006369.5137026,"thread":135412936865472,"stage":"resolved","status":"ok"}
{"event":"gateway_transport","timestamp":1790006369.6263845,"thread":135412928472768,"stage":"resolved","status":"ok"}
{"event":"gateway_transport","timestamp":1790006369.6281683,"thread":135412928472768,"stage":"connected","status":"ok"}
{"event":"gateway_transport","timestamp":1790006369.6283233,"thread":135412928472768,"stage":"request_sent","status":"ok"}
{"event":"gateway_transport","timestamp":1790006369.629852,"thread":135412928472768,"stage":"response_headers_received","status":"ok","http_status":200}
{"event":"gateway_transport","timestamp":1790006369.6299624,"thread":135412928472768,"stage":"response_stream_completed","status":"ok","http_status":200}
{"event":"gateway_transport","timestamp":1790006370.6494427,"thread":135412936865472,"stage":"connected","status":"ok"}
{"event":"gateway_transport","timestamp":1790006370.6497786,"thread":135412936865472,"stage":"request_sent","status":"ok"}
{"event":"gateway_transport","timestamp":1790006374.2688131,"thread":135412936865472,"stage":"response_headers_received","status":"ok","http_status":200}
{"event":"gateway_transport","timestamp":1790006381.1494968,"thread":135413016106688,"stage":"response_stream_completed","status":"ok","http_status":200}
{"event":"gateway_transport","timestamp":1790006381.29222,"thread":135413016106688,"stage":"resolved","status":"ok"}
{"event":"gateway_transport","timestamp":1790006382.0391989,"thread":135413016106688,"stage":"connected","status":"ok"}
{"event":"gateway_transport","timestamp":1790006382.0402722,"thread":135413016106688,"stage":"request_sent","status":"ok"}
{"event":"gateway_transport","timestamp":1790006387.4611204,"thread":135413016106688,"stage":"response_headers_received","status":"ok","http_status":200}
{"event":"gateway_transport","timestamp":1790006391.6799343,"thread":135413016106688,"stage":"response_stream_completed","status":"ok","http_status":200}
{"event":"gateway_transport","timestamp":1790006393.9193442,"thread":135412936865472,"stage":"response_stream_completed","status":"ok","http_status":200}
{"event":"gateway_transport","timestamp":1790006394.007952,"thread":135412936865472,"stage":"resolved","status":"ok"}
{"event":"gateway_transport","timestamp":1790006394.066336,"thread":135413016106688,"stage":"resolved","status":"ok"}
{"event":"gateway_transport","timestamp":1790006394.0678992,"thread":135413016106688,"stage":"connected","status":"ok"}
{"event":"gateway_transport","timestamp":1790006394.0680416,"thread":135413016106688,"stage":"request_sent","status":"ok"}
{"event":"gateway_transport","timestamp":1790006394.0705414,"thread":135413016106688,"stage":"response_headers_received","status":"ok","http_status":200}
{"event":"gateway_transport","timestamp":1790006394.0706546,"thread":135413016106688,"stage":"response_stream_completed","status":"ok","http_status":200}
{"event":"gateway_transport","timestamp":1790006394.7409906,"thread":135412936865472,"stage":"connected","status":"ok"}
{"event":"gateway_transport","timestamp":1790006394.7412853,"thread":135412936865472,"stage":"request_sent","status":"ok"}
{"event":"gateway_transport","timestamp":1790006398.0311866,"thread":135412936865472,"stage":"response_headers_received","status":"ok","http_status":200}
{"event":"gateway_transport","timestamp":1790006400.1195087,"thread":135412936865472,"stage":"response_stream_completed","status":"ok","http_status":200}
{"event":"gateway_transport","timestamp":1790006400.2827713,"thread":135412936865472,"stage":"resolved","status":"ok"}
{"event":"gateway_transport","timestamp":1790006400.285473,"thread":135412936865472,"stage":"connected","status":"ok"}
{"event":"gateway_transport","timestamp":1790006400.2857041,"thread":135412936865472,"stage":"request_sent","status":"ok"}
{"event":"gateway_transport","timestamp":1790006400.2882395,"thread":135412936865472,"stage":"response_headers_received","status":"ok","http_status":200}
{"event":"gateway_transport","timestamp":1790006400.2883537,"thread":135412936865472,"stage":"response_stream_completed","status":"ok","http_status":200}
{"event":"gateway_transport","timestamp":1790006401.2062993,"thread":135412936865472,"stage":"resolved","status":"ok"}
{"event":"gateway_transport","timestamp":1790006401.2916486,"thread":135413016106688,"stage":"resolved","status":"ok"}
{"event":"gateway_transport","timestamp":1790006401.2932894,"thread":135413016106688,"stage":"connected","status":"ok"}
{"event":"gateway_transport","timestamp":1790006401.293428,"thread":135413016106688,"stage":"request_sent","status":"ok"}
{"event":"gateway_transport","timestamp":1790006401.2949443,"thread":135413016106688,"stage":"response_headers_received","status":"ok","http_status":200}
{"event":"gateway_transport","timestamp":1790006401.2950544,"thread":135413016106688,"stage":"response_stream_completed","status":"ok","http_status":200}
{"event":"gateway_transport","timestamp":1790006402.5797849,"thread":135412936865472,"stage":"connected","status":"ok"}
{"event":"gateway_transport","timestamp":1790006402.5800705,"thread":135412936865472,"stage":"request_sent","status":"ok"}
{"event":"gateway_transport","timestamp":1790006405.4845626,"thread":135412936865472,"stage":"response_headers_received","status":"ok","http_status":200}
{"event":"gateway_transport","timestamp":1790006407.5218823,"thread":135412936865472,"stage":"response_stream_completed","status":"ok","http_status":200}
{"event":"gateway_transport","timestamp":1790006407.7063432,"thread":135412936865472,"stage":"resolved","status":"ok"}
{"event":"gateway_transport","timestamp":1790006407.7078881,"thread":135412936865472,"stage":"connected","status":"ok"}
{"event":"gateway_transport","timestamp":1790006407.708109,"thread":135412936865472,"stage":"request_sent","status":"ok"}
{"event":"gateway_transport","timestamp":1790006407.7110918,"thread":135412936865472,"stage":"response_headers_received","status":"ok","http_status":200}
{"event":"gateway_transport","timestamp":1790006407.7112384,"thread":135412936865472,"stage":"response_stream_completed","status":"ok","http_status":200}
{"event":"gateway_transport","timestamp":1790006416.6104352,"thread":135412936865472,"stage":"resolved","status":"ok"}
{"event":"gateway_transport","timestamp":1790006416.725123,"thread":135413016106688,"stage":"resolved","status":"ok"}
{"event":"gateway_transport","timestamp":1790006416.7273886,"thread":135413016106688,"stage":"connected","status":"ok"}
{"event":"gateway_transport","timestamp":1790006416.727527,"thread":135413016106688,"stage":"request_sent","status":"ok"}
{"event":"gateway_transport","timestamp":1790006416.7291744,"thread":135413016106688,"stage":"response_headers_received","status":"ok","http_status":200}
{"event":"gateway_transport","timestamp":1790006416.7293036,"thread":135413016106688,"stage":"response_stream_completed","status":"ok","http_status":200}
{"event":"gateway_transport","timestamp":1790006417.3359897,"thread":135412936865472,"stage":"connected","status":"ok"}
{"event":"gateway_transport","timestamp":1790006417.337392,"thread":135412936865472,"stage":"request_sent","status":"ok"}
{"event":"gateway_transport","timestamp":1790006420.021948,"thread":135412936865472,"stage":"response_headers_received","status":"ok","http_status":200}
{"event":"gateway_transport","timestamp":1790006421.862168,"thread":135412936865472,"stage":"response_stream_completed","status":"ok","http_status":200}
{"event":"gateway_transport","timestamp":1790006421.9396195,"thread":135412936865472,"stage":"resolved","status":"ok"}
{"event":"gateway_transport","timestamp":1790006421.9413202,"thread":135412936865472,"stage":"connected","status":"ok"}
{"event":"gateway_transport","timestamp":1790006421.9414725,"thread":135412936865472,"stage":"request_sent","status":"ok"}
{"event":"gateway_transport","timestamp":1790006421.9439833,"thread":135412936865472,"stage":"response_headers_received","status":"ok","http_status":200}
{"event":"gateway_transport","timestamp":1790006421.9440975,"thread":135412936865472,"stage":"response_stream_completed","status":"ok","http_status":200}
{"event":"gateway_transport","timestamp":1790006422.9472706,"thread":135413016106688,"stage":"resolved","status":"ok"}
{"event":"gateway_transport","timestamp":1790006422.948771,"thread":135413016106688,"stage":"connected","status":"ok"}
{"event":"gateway_transport","timestamp":1790006422.9489965,"thread":135413016106688,"stage":"request_sent","status":"ok"}
{"event":"gateway_transport","timestamp":1790006422.9506686,"thread":135413016106688,"stage":"response_headers_received","status":"ok","http_status":200}
{"event":"gateway_transport","timestamp":1790006422.950828,"thread":135413016106688,"stage":"response_stream_completed","status":"ok","http_status":200}
{"event":"gateway_transport","timestamp":1790006422.9567099,"thread":135412936865472,"stage":"resolved","status":"ok"}
{"event":"gateway_transport","timestamp":1790006423.685026,"thread":135412936865472,"stage":"connected","status":"ok"}
{"event":"gateway_transport","timestamp":1790006423.685347,"thread":135412936865472,"stage":"request_sent","status":"ok"}
{"event":"gateway_transport","timestamp":1790006426.3913472,"thread":135412936865472,"stage":"response_headers_received","status":"ok","http_status":200}
{"event":"gateway_transport","timestamp":1790006428.3844383,"thread":135412936865472,"stage":"response_stream_completed","status":"ok","http_status":200}
{"event":"gateway_transport","timestamp":1790006428.4770274,"thread":135412936865472,"stage":"resolved","status":"ok"}
{"event":"gateway_transport","timestamp":1790006428.5622373,"thread":135413016106688,"stage":"resolved","status":"ok"}
{"event":"gateway_transport","timestamp":1790006428.564129,"thread":135413016106688,"stage":"connected","status":"ok"}
{"event":"gateway_transport","timestamp":1790006428.5642922,"thread":135413016106688,"stage":"request_sent","status":"ok"}
{"event":"gateway_transport","timestamp":1790006428.5669186,"thread":135413016106688,"stage":"response_headers_received","status":"ok","http_status":200}
{"event":"gateway_transport","timestamp":1790006428.56703,"thread":135413016106688,"stage":"response_stream_completed","status":"ok","http_status":200}
{"event":"gateway_transport","timestamp":1790006429.2030306,"thread":135412936865472,"stage":"connected","status":"ok"}
{"event":"gateway_transport","timestamp":1790006429.204573,"thread":135412936865472,"stage":"request_sent","status":"ok"}
{"event":"gateway_transport","timestamp":1790006429.4775486,"thread":135413016106688,"stage":"resolved","status":"ok"}
{"event":"gateway_transport","timestamp":1790006429.5707483,"thread":135412928472768,"stage":"resolved","status":"ok"}
{"event":"gateway_transport","timestamp":1790006429.5722368,"thread":135412928472768,"stage":"connected","status":"ok"}
{"event":"gateway_transport","timestamp":1790006429.5723753,"thread":135412928472768,"stage":"request_sent","status":"ok"}
{"event":"gateway_transport","timestamp":1790006429.573992,"thread":135412928472768,"stage":"response_headers_received","status":"ok","http_status":200}
{"event":"gateway_transport","timestamp":1790006429.5741239,"thread":135412928472768,"stage":"response_stream_completed","status":"ok","http_status":200}
{"event":"gateway_transport","timestamp":1790006430.2416868,"thread":135413016106688,"stage":"connected","status":"ok"}
{"event":"gateway_transport","timestamp":1790006430.242013,"thread":135413016106688,"stage":"request_sent","status":"ok"}
{"event":"gateway_transport","timestamp":1790006433.6644654,"thread":135413016106688,"stage":"response_headers_received","status":"ok","http_status":200}
{"event":"gateway_transport","timestamp":1790006434.0293074,"thread":135412936865472,"stage":"response_headers_received","status":"ok","http_status":200}
{"event":"gateway_transport","timestamp":1790006435.578845,"thread":135412936865472,"stage":"response_stream_completed","status":"ok","http_status":200}
{"event":"gateway_transport","timestamp":1790006435.68545,"thread":135412936865472,"stage":"resolved","status":"ok"}
{"event":"gateway_transport","timestamp":1790006436.5035446,"thread":135413016106688,"stage":"response_stream_completed","status":"ok","http_status":200}
{"event":"gateway_transport","timestamp":1790006436.5860424,"thread":135413016106688,"stage":"resolved","status":"ok"}
{"event":"gateway_transport","timestamp":1790006436.588715,"thread":135413016106688,"stage":"connected","status":"ok"}
{"event":"gateway_transport","timestamp":1790006436.5888865,"thread":135413016106688,"stage":"request_sent","status":"ok"}
{"event":"gateway_transport","timestamp":1790006436.5918531,"thread":135413016106688,"stage":"response_headers_received","status":"ok","http_status":200}
{"event":"gateway_transport","timestamp":1790006436.592012,"thread":135413016106688,"stage":"response_stream_completed","status":"ok","http_status":200}
{"event":"gateway_transport","timestamp":1790006437.5954473,"thread":135412928472768,"stage":"resolved","status":"ok"}
{"event":"gateway_transport","timestamp":1790006437.5973344,"thread":135412928472768,"stage":"connected","status":"ok"}
{"event":"gateway_transport","timestamp":1790006437.5974867,"thread":135412928472768,"stage":"request_sent","status":"ok"}
{"event":"gateway_transport","timestamp":1790006437.599276,"thread":135412928472768,"stage":"response_headers_received","status":"ok","http_status":200}
{"event":"gateway_transport","timestamp":1790006437.5994306,"thread":135412928472768,"stage":"response_stream_completed","status":"ok","http_status":200}
{"event":"gateway_transport","timestamp":1790006437.600372,"thread":135413016106688,"stage":"resolved","status":"ok"}
{"event":"gateway_transport","timestamp":1790006437.7873101,"thread":135412936865472,"stage":"connected","status":"ok"}
{"event":"gateway_transport","timestamp":1790006437.788811,"thread":135412936865472,"stage":"request_sent","status":"ok"}
{"event":"gateway_transport","timestamp":1790006438.320517,"thread":135413016106688,"stage":"connected","status":"ok"}
{"event":"gateway_transport","timestamp":1790006438.32089,"thread":135413016106688,"stage":"request_sent","status":"ok"}
{"event":"gateway_transport","timestamp":1790006441.1760442,"thread":135413016106688,"stage":"response_headers_received","status":"ok","http_status":200}
{"event":"gateway_transport","timestamp":1790006442.39698,"thread":135412936865472,"stage":"response_headers_received","status":"ok","http_status":200}
{"event":"gateway_transport","timestamp":1790006443.1293476,"thread":135413016106688,"stage":"response_stream_completed","status":"ok","http_status":200}
{"event":"gateway_transport","timestamp":1790006443.209152,"thread":135412928472768,"stage":"resolved","status":"ok"}
{"event":"gateway_transport","timestamp":1790006443.2108064,"thread":135412928472768,"stage":"connected","status":"ok"}
{"event":"gateway_transport","timestamp":1790006443.210965,"thread":135412928472768,"stage":"request_sent","status":"ok"}
{"event":"gateway_transport","timestamp":1790006443.213689,"thread":135412928472768,"stage":"response_headers_received","status":"ok","http_status":200}
{"event":"gateway_transport","timestamp":1790006443.2138085,"thread":135412928472768,"stage":"response_stream_completed","status":"ok","http_status":200}
{"event":"gateway_transport","timestamp":1790006443.215941,"thread":135413016106688,"stage":"resolved","status":"ok"}
{"event":"gateway_transport","timestamp":1790006444.3008413,"thread":135413016106688,"stage":"connected","status":"ok"}
{"event":"gateway_transport","timestamp":1790006444.3021586,"thread":135413016106688,"stage":"request_sent","status":"ok"}
{"event":"gateway_transport","timestamp":1790006447.5424967,"thread":135413016106688,"stage":"response_headers_received","status":"ok","http_status":200}
{"event":"gateway_transport","timestamp":1790006448.1671462,"thread":135412936865472,"stage":"response_stream_completed","status":"ok","http_status":200}
{"event":"gateway_transport","timestamp":1790006448.286772,"thread":135412936865472,"stage":"resolved","status":"ok"}
{"event":"gateway_transport","timestamp":1790006449.0177782,"thread":135412936865472,"stage":"connected","status":"ok"}
{"event":"gateway_transport","timestamp":1790006449.0280483,"thread":135412936865472,"stage":"request_sent","status":"ok"}
{"event":"gateway_transport","timestamp":1790006454.4815443,"thread":135413016106688,"stage":"response_stream_completed","status":"ok","http_status":200}
{"event":"gateway_transport","timestamp":1790006454.5622144,"thread":135413016106688,"stage":"resolved","status":"ok"}
{"event":"gateway_transport","timestamp":1790006454.6334531,"thread":135412928472768,"stage":"resolved","status":"ok"}
{"event":"gateway_transport","timestamp":1790006454.6354413,"thread":135412928472768,"stage":"connected","status":"ok"}
{"event":"gateway_transport","timestamp":1790006454.6357026,"thread":135412928472768,"stage":"request_sent","status":"ok"}
{"event":"gateway_transport","timestamp":1790006454.6385374,"thread":135412928472768,"stage":"response_headers_received","status":"ok","http_status":200}
{"event":"gateway_transport","timestamp":1790006454.6386688,"thread":135412928472768,"stage":"response_stream_completed","status":"ok","http_status":200}
{"event":"gateway_transport","timestamp":1790006455.2891407,"thread":135413016106688,"stage":"connected","status":"ok"}
{"event":"gateway_transport","timestamp":1790006455.2894542,"thread":135413016106688,"stage":"request_sent","status":"ok"}
{"event":"gateway_transport","timestamp":1790006455.8907702,"thread":135412936865472,"stage":"response_headers_received","status":"ok","http_status":200}
{"event":"gateway_transport","timestamp":1790006457.4489608,"thread":135412936865472,"stage":"response_stream_completed","status":"ok","http_status":200}
{"event":"gateway_transport","timestamp":1790006457.6127603,"thread":135412936865472,"stage":"resolved","status":"ok"}
{"event":"gateway_transport","timestamp":1790006458.338069,"thread":135413016106688,"stage":"response_headers_received","status":"ok","http_status":200}
{"event":"gateway_transport","timestamp":1790006458.6630044,"thread":135412936865472,"stage":"connected","status":"ok"}
{"event":"gateway_transport","timestamp":1790006458.6784527,"thread":135412936865472,"stage":"request_sent","status":"ok"}
{"event":"gateway_transport","timestamp":1790006463.1650412,"thread":135412936865472,"stage":"response_headers_received","status":"ok","http_status":200}
{"event":"gateway_transport","timestamp":1790006473.294708,"thread":135413016106688,"stage":"response_stream_completed","status":"ok","http_status":200}
{"event":"gateway_transport","timestamp":1790006473.3760626,"thread":135413016106688,"stage":"resolved","status":"ok"}
{"event":"gateway_transport","timestamp":1790006473.4689844,"thread":135412928472768,"stage":"resolved","status":"ok"}
{"event":"gateway_transport","timestamp":1790006473.4708848,"thread":135412928472768,"stage":"connected","status":"ok"}
{"event":"gateway_transport","timestamp":1790006473.4711306,"thread":135412928472768,"stage":"request_sent","status":"ok"}
{"event":"gateway_transport","timestamp":1790006473.4740386,"thread":135412928472768,"stage":"response_headers_received","status":"ok","http_status":200}
{"event":"gateway_transport","timestamp":1790006473.47416,"thread":135412928472768,"stage":"response_stream_completed","status":"ok","http_status":200}
{"event":"gateway_transport","timestamp":1790006474.4814043,"thread":135413016106688,"stage":"connected","status":"ok"}
{"event":"gateway_transport","timestamp":1790006474.483005,"thread":135413016106688,"stage":"request_sent","status":"ok"}
{"event":"gateway_transport","timestamp":1790006479.5741785,"thread":135413016106688,"stage":"response_headers_received","status":"ok","http_status":200}
{"event":"gateway_transport","timestamp":1790006479.6045947,"thread":135413016106688,"stage":"response_stream_completed","status":"ok","http_status":200}
{"event":"gateway_transport","timestamp":1790006479.6863952,"thread":135412928472768,"stage":"resolved","status":"ok"}
{"event":"gateway_transport","timestamp":1790006479.6879709,"thread":135412928472768,"stage":"connected","status":"ok"}
{"event":"gateway_transport","timestamp":1790006479.6881776,"thread":135412928472768,"stage":"request_sent","status":"ok"}
{"event":"gateway_transport","timestamp":1790006479.6909494,"thread":135412928472768,"stage":"response_headers_received","status":"ok","http_status":200}
{"event":"gateway_transport","timestamp":1790006479.6910744,"thread":135412928472768,"stage":"response_stream_completed","status":"ok","http_status":200}
{"event":"gateway_transport","timestamp":1790006479.6937168,"thread":135413016106688,"stage":"resolved","status":"ok"}
{"event":"gateway_transport","timestamp":1790006483.3600397,"thread":135413016106688,"stage":"connected","status":"ok"}
{"event":"gateway_transport","timestamp":1790006483.3618062,"thread":135413016106688,"stage":"request_sent","status":"ok"}
{"event":"gateway_transport","timestamp":1790006486.4602718,"thread":135413016106688,"stage":"response_headers_received","status":"ok","http_status":200}
{"event":"gateway_transport","timestamp":1790006506.5270603,"thread":135412936865472,"stage":"response_stream_completed","status":"ok","http_status":200}
{"event":"gateway_transport","timestamp":1790006506.6807723,"thread":135412936865472,"stage":"resolved","status":"ok"}
{"event":"gateway_transport","timestamp":1790006508.7028947,"thread":135412936865472,"stage":"connected","status":"ok"}
{"event":"gateway_transport","timestamp":1790006508.7141702,"thread":135412936865472,"stage":"request_sent","status":"ok"}
{"event":"gateway_transport","timestamp":1790006514.5386293,"thread":135413016106688,"stage":"response_stream_completed","status":"ok","http_status":200}
{"event":"gateway_transport","timestamp":1790006514.64287,"thread":135413016106688,"stage":"resolved","status":"ok"}
{"event":"gateway_transport","timestamp":1790006514.7412505,"thread":135412928472768,"stage":"resolved","status":"ok"}
{"event":"gateway_transport","timestamp":1790006514.7431586,"thread":135412928472768,"stage":"connected","status":"ok"}
{"event":"gateway_transport","timestamp":1790006514.7433038,"thread":135412928472768,"stage":"request_sent","status":"ok"}
{"event":"gateway_transport","timestamp":1790006514.7461238,"thread":135412928472768,"stage":"response_headers_received","status":"ok","http_status":200}
{"event":"gateway_transport","timestamp":1790006514.7462342,"thread":135412928472768,"stage":"response_stream_completed","status":"ok","http_status":200}
{"event":"gateway_transport","timestamp":1790006515.44233,"thread":135412936865472,"stage":"response_headers_received","status":"ok","http_status":200}
{"event":"gateway_transport","timestamp":1790006515.7257884,"thread":135413016106688,"stage":"connected","status":"ok"}
{"event":"gateway_transport","timestamp":1790006515.7261639,"thread":135413016106688,"stage":"request_sent","status":"ok"}
{"event":"gateway_transport","timestamp":1790006516.4980528,"thread":135412936865472,"stage":"response_stream_completed","status":"ok","http_status":200}
{"event":"gateway_transport","timestamp":1790006516.6053028,"thread":135412936865472,"stage":"resolved","status":"ok"}
{"event":"gateway_transport","timestamp":1790006517.6709917,"thread":135412936865472,"stage":"connected","status":"ok"}
{"event":"gateway_transport","timestamp":1790006517.6736102,"thread":135412936865472,"stage":"request_sent","status":"ok"}
{"event":"gateway_transport","timestamp":1790006518.5223603,"thread":135413016106688,"stage":"response_headers_received","status":"ok","http_status":200}
{"event":"gateway_transport","timestamp":1790006520.649924,"thread":135413016106688,"stage":"response_stream_completed","status":"ok","http_status":200}
{"event":"gateway_transport","timestamp":1790006520.7575238,"thread":135413016106688,"stage":"resolved","status":"ok"}
{"event":"gateway_transport","timestamp":1790006520.759572,"thread":135413016106688,"stage":"connected","status":"ok"}
{"event":"gateway_transport","timestamp":1790006520.7597847,"thread":135413016106688,"stage":"request_sent","status":"ok"}
{"event":"gateway_transport","timestamp":1790006520.7623963,"thread":135413016106688,"stage":"response_headers_received","status":"ok","http_status":200}
{"event":"gateway_transport","timestamp":1790006520.7625196,"thread":135413016106688,"stage":"response_stream_completed","status":"ok","http_status":200}
{"event":"gateway_transport","timestamp":1790006521.7361298,"thread":135413016106688,"stage":"resolved","status":"ok"}
{"event":"gateway_transport","timestamp":1790006521.766544,"thread":135412928472768,"stage":"resolved","status":"ok"}
{"event":"gateway_transport","timestamp":1790006521.7700784,"thread":135412928472768,"stage":"connected","status":"ok"}
{"event":"gateway_transport","timestamp":1790006521.7702787,"thread":135412928472768,"stage":"request_sent","status":"ok"}
{"event":"gateway_transport","timestamp":1790006521.7722294,"thread":135412928472768,"stage":"response_headers_received","status":"ok","http_status":200}
{"event":"gateway_transport","timestamp":1790006521.7723455,"thread":135412928472768,"stage":"response_stream_completed","status":"ok","http_status":200}
{"event":"gateway_transport","timestamp":1790006522.8646038,"thread":135412936865472,"stage":"response_headers_received","status":"ok","http_status":200}
{"event":"gateway_transport","timestamp":1790006526.62144,"thread":135413016106688,"stage":"connected","status":"ok"}
{"event":"gateway_transport","timestamp":1790006526.6220477,"thread":135413016106688,"stage":"request_sent","status":"ok"}
{"event":"gateway_transport","timestamp":1790006529.4957185,"thread":135413016106688,"stage":"response_headers_received","status":"ok","http_status":200}
{"event":"gateway_transport","timestamp":1790006530.4565325,"thread":135413016106688,"stage":"response_stream_completed","status":"ok","http_status":200}
{"event":"gateway_transport","timestamp":1790006530.5903585,"thread":135413016106688,"stage":"resolved","status":"ok"}
{"event":"gateway_transport","timestamp":1790006530.5939333,"thread":135413016106688,"stage":"connected","status":"ok"}
{"event":"gateway_transport","timestamp":1790006530.594277,"thread":135413016106688,"stage":"request_sent","status":"ok"}
{"event":"gateway_transport","timestamp":1790006530.599896,"thread":135413016106688,"stage":"response_headers_received","status":"ok","http_status":200}
{"event":"gateway_transport","timestamp":1790006530.6000252,"thread":135413016106688,"stage":"response_stream_completed","status":"ok","http_status":200}
{"event":"gateway_transport","timestamp":1790006531.5389783,"thread":135413016106688,"stage":"resolved","status":"ok"}
{"event":"gateway_transport","timestamp":1790006531.6037502,"thread":135412928472768,"stage":"resolved","status":"ok"}
{"event":"gateway_transport","timestamp":1790006531.6051261,"thread":135412928472768,"stage":"connected","status":"ok"}
{"event":"gateway_transport","timestamp":1790006531.6052964,"thread":135412928472768,"stage":"request_sent","status":"ok"}
{"event":"gateway_transport","timestamp":1790006531.607153,"thread":135412928472768,"stage":"response_headers_received","status":"ok","http_status":200}
{"event":"gateway_transport","timestamp":1790006531.6072679,"thread":135412928472768,"stage":"response_stream_completed","status":"ok","http_status":200}
{"event":"gateway_transport","timestamp":1790006532.3828003,"thread":135412936865472,"stage":"response_stream_completed","status":"ok","http_status":200}
{"event":"gateway_transport","timestamp":1790006532.502672,"thread":135412936865472,"stage":"resolved","status":"ok"}
{"event":"gateway_transport","timestamp":1790006532.5791607,"thread":135413016106688,"stage":"connected","status":"ok"}
{"event":"gateway_transport","timestamp":1790006532.5796251,"thread":135413016106688,"stage":"request_sent","status":"ok"}
{"event":"gateway_transport","timestamp":1790006535.4209907,"thread":135413016106688,"stage":"response_headers_received","status":"ok","http_status":200}
{"event":"gateway_transport","timestamp":1790006540.4964685,"thread":135412936865472,"stage":"connected","status":"ok"}
{"event":"gateway_transport","timestamp":1790006540.505467,"thread":135412936865472,"stage":"request_sent","status":"ok"}
{"event":"gateway_transport","timestamp":1790006545.9831672,"thread":135412936865472,"stage":"response_headers_received","status":"ok","http_status":200}
{"event":"gateway_transport","timestamp":1790006548.6899476,"thread":135413016106688,"stage":"response_stream_completed","status":"ok","http_status":200}
{"event":"gateway_transport","timestamp":1790006548.8348043,"thread":135413016106688,"stage":"resolved","status":"ok"}
{"event":"gateway_transport","timestamp":1790006548.8366919,"thread":135413016106688,"stage":"connected","status":"ok"}
{"event":"gateway_transport","timestamp":1790006548.8368251,"thread":135413016106688,"stage":"request_sent","status":"ok"}
{"event":"gateway_transport","timestamp":1790006548.839203,"thread":135413016106688,"stage":"response_headers_received","status":"ok","http_status":200}
{"event":"gateway_transport","timestamp":1790006548.8393326,"thread":135413016106688,"stage":"response_stream_completed","status":"ok","http_status":200}
{"event":"gateway_transport","timestamp":1790006556.6004167,"thread":135412936865472,"stage":"response_stream_completed","status":"ok","http_status":200}
{"event":"gateway_transport","timestamp":1790006688.4924543,"thread":135412936865472,"stage":"resolved","status":"ok"}
{"event":"gateway_transport","timestamp":1790006690.2965684,"thread":135412936865472,"stage":"connected","status":"ok"}
{"event":"gateway_transport","timestamp":1790006690.298496,"thread":135412936865472,"stage":"request_sent","status":"ok"}
{"event":"gateway_transport","timestamp":1790006695.6106424,"thread":135412936865472,"stage":"response_headers_received","status":"ok","http_status":200}
{"event":"gateway_transport","timestamp":1790006697.9368641,"thread":135412936865472,"stage":"response_stream_completed","status":"ok","http_status":200}
{"event":"gateway_transport","timestamp":1790006698.1330922,"thread":135412936865472,"stage":"resolved","status":"ok"}
{"event":"gateway_transport","timestamp":1790006698.8746753,"thread":135412936865472,"stage":"connected","status":"ok"}
{"event":"gateway_transport","timestamp":1790006698.8760505,"thread":135412936865472,"stage":"request_sent","status":"ok"}
{"event":"gateway_transport","timestamp":1790006704.1562185,"thread":135412936865472,"stage":"response_headers_received","status":"ok","http_status":200}
{"event":"gateway_transport","timestamp":1790006718.736403,"thread":135412936865472,"stage":"response_stream_completed","status":"ok","http_status":200}
{"event":"gateway_transport","timestamp":1790006718.9273322,"thread":135412936865472,"stage":"resolved","status":"ok"}
{"event":"gateway_transport","timestamp":1790006719.6597404,"thread":135412936865472,"stage":"connected","status":"ok"}
{"event":"gateway_transport","timestamp":1790006719.6627457,"thread":135412936865472,"stage":"request_sent","status":"ok"}
{"event":"gateway_transport","timestamp":1790006724.7462823,"thread":135412936865472,"stage":"response_headers_received","status":"ok","http_status":200}
{"event":"gateway_transport","timestamp":1790006731.8528707,"thread":135412936865472,"stage":"response_stream_completed","status":"ok","http_status":200}
{"event":"gateway_transport","timestamp":1790006732.111665,"thread":135412936865472,"stage":"resolved","status":"ok"}
{"event":"gateway_transport","timestamp":1790006734.8708909,"thread":135412936865472,"stage":"connected","status":"ok"}
{"event":"gateway_transport","timestamp":1790006734.8736622,"thread":135412936865472,"stage":"request_sent","status":"ok"}
{"event":"gateway_transport","timestamp":1790006739.9176335,"thread":135412936865472,"stage":"response_headers_received","status":"ok","http_status":200}
{"event":"gateway_transport","timestamp":1790006748.2812624,"thread":135412936865472,"stage":"response_stream_completed","status":"ok","http_status":200}
{"event":"gateway_transport","timestamp":1790006748.4234517,"thread":135412936865472,"stage":"resolved","status":"ok"}
{"event":"gateway_transport","timestamp":1790006749.173485,"thread":135412936865472,"stage":"connected","status":"ok"}
{"event":"gateway_transport","timestamp":1790006749.1892195,"thread":135412936865472,"stage":"request_sent","status":"ok"}
{"event":"gateway_transport","timestamp":1790006754.5523036,"thread":135412936865472,"stage":"response_headers_received","status":"ok","http_status":200}
{"event":"gateway_transport","timestamp":1790006763.0331123,"thread":135412936865472,"stage":"response_stream_completed","status":"ok","http_status":200}
{"event":"gateway_transport","timestamp":1790006763.1391466,"thread":135412936865472,"stage":"resolved","status":"ok"}
{"event":"gateway_transport","timestamp":1790006763.1474762,"thread":135413016106688,"stage":"resolved","status":"ok"}
{"event":"gateway_transport","timestamp":1790006763.8790743,"thread":135413016106688,"stage":"connected","status":"ok"}
{"event":"gateway_transport","timestamp":1790006763.8807168,"thread":135413016106688,"stage":"request_sent","status":"ok"}
{"event":"gateway_transport","timestamp":1790006763.8938532,"thread":135412936865472,"stage":"connected","status":"ok"}
{"event":"gateway_transport","timestamp":1790006763.8941414,"thread":135412936865472,"stage":"request_sent","status":"ok"}
{"event":"gateway_transport","timestamp":1790006766.7957647,"thread":135412936865472,"stage":"response_headers_received","status":"ok","http_status":200}
{"event":"gateway_transport","timestamp":1790006769.2191613,"thread":135413016106688,"stage":"response_headers_received","status":"ok","http_status":200}
{"event":"gateway_transport","timestamp":1790006777.983901,"thread":135413016106688,"stage":"response_stream_completed","status":"ok","http_status":200}
{"event":"gateway_transport","timestamp":1790006778.096383,"thread":135413016106688,"stage":"resolved","status":"ok"}
{"event":"gateway_transport","timestamp":1790006779.1904025,"thread":135413016106688,"stage":"connected","status":"ok"}
{"event":"gateway_transport","timestamp":1790006779.1917694,"thread":135413016106688,"stage":"request_sent","status":"ok"}
{"event":"gateway_transport","timestamp":1790006784.0732753,"thread":135413016106688,"stage":"response_headers_received","status":"ok","http_status":200}
{"event":"gateway_transport","timestamp":1790006787.2650015,"thread":135413016106688,"stage":"response_stream_completed","status":"ok","http_status":200}
{"event":"gateway_transport","timestamp":1790006787.3862875,"thread":135413016106688,"stage":"resolved","status":"ok"}
{"event":"gateway_transport","timestamp":1790006789.1752572,"thread":135413016106688,"stage":"connected","status":"ok"}
{"event":"gateway_transport","timestamp":1790006789.1768513,"thread":135413016106688,"stage":"request_sent","status":"ok"}
{"event":"gateway_transport","timestamp":1790006790.4023547,"thread":135412936865472,"stage":"response_stream_completed","status":"ok","http_status":200}
{"event":"gateway_transport","timestamp":1790006790.4863057,"thread":135412928472768,"stage":"resolved","status":"ok"}
{"event":"gateway_transport","timestamp":1790006790.4878168,"thread":135412928472768,"stage":"connected","status":"ok"}
{"event":"gateway_transport","timestamp":1790006790.4880245,"thread":135412928472768,"stage":"request_sent","status":"ok"}
{"event":"gateway_transport","timestamp":1790006790.4910228,"thread":135412928472768,"stage":"response_headers_received","status":"ok","http_status":200}
{"event":"gateway_transport","timestamp":1790006790.4912233,"thread":135412928472768,"stage":"response_stream_completed","status":"ok","http_status":200}
{"event":"gateway_transport","timestamp":1790006790.4949796,"thread":135412936865472,"stage":"resolved","status":"ok"}
{"event":"gateway_transport","timestamp":1790006791.2229054,"thread":135412936865472,"stage":"connected","status":"ok"}
{"event":"gateway_transport","timestamp":1790006791.2233827,"thread":135412936865472,"stage":"request_sent","status":"ok"}
{"event":"gateway_transport","timestamp":1790006794.019261,"thread":135413016106688,"stage":"response_headers_received","status":"ok","http_status":200}
{"event":"gateway_transport","timestamp":1790006794.938801,"thread":135412936865472,"stage":"response_headers_received","status":"ok","http_status":200}
{"event":"gateway_transport","timestamp":1790006795.774753,"thread":135413016106688,"stage":"response_stream_completed","status":"ok","http_status":200}
{"event":"gateway_transport","timestamp":1790006796.842987,"thread":135412936865472,"stage":"response_stream_completed","status":"ok","http_status":200}
{"event":"gateway_transport","timestamp":1790006796.9035518,"thread":135412936865472,"stage":"resolved","status":"ok"}
{"event":"gateway_transport","timestamp":1790006796.9051614,"thread":135412936865472,"stage":"connected","status":"ok"}
{"event":"gateway_transport","timestamp":1790006796.9053226,"thread":135412936865472,"stage":"request_sent","status":"ok"}
{"event":"gateway_transport","timestamp":1790006796.9082406,"thread":135412936865472,"stage":"response_headers_received","status":"ok","http_status":200}
{"event":"gateway_transport","timestamp":1790006796.9083705,"thread":135412936865472,"stage":"response_stream_completed","status":"ok","http_status":200}
{"event":"gateway_transport","timestamp":1790006797.9154823,"thread":135413016106688,"stage":"resolved","status":"ok"}
{"event":"gateway_transport","timestamp":1790006797.9175603,"thread":135413016106688,"stage":"connected","status":"ok"}
{"event":"gateway_transport","timestamp":1790006797.9177692,"thread":135413016106688,"stage":"request_sent","status":"ok"}
{"event":"gateway_transport","timestamp":1790006797.9199777,"thread":135413016106688,"stage":"response_headers_received","status":"ok","http_status":200}
{"event":"gateway_transport","timestamp":1790006797.9201326,"thread":135413016106688,"stage":"response_stream_completed","status":"ok","http_status":200}
{"event":"gateway_transport","timestamp":1790006797.9350374,"thread":135412936865472,"stage":"resolved","status":"ok"}
{"event":"gateway_transport","timestamp":1790006799.9432473,"thread":135412936865472,"stage":"connected","status":"ok"}
{"event":"gateway_transport","timestamp":1790006799.9435344,"thread":135412936865472,"stage":"request_sent","status":"ok"}
{"event":"gateway_transport","timestamp":1790006803.4273386,"thread":135412936865472,"stage":"response_headers_received","status":"ok","http_status":200}
{"event":"gateway_transport","timestamp":1790006805.0993538,"thread":135412936865472,"stage":"response_stream_completed","status":"ok","http_status":200}
{"event":"gateway_transport","timestamp":1790006805.1354911,"thread":135412936865472,"stage":"resolved","status":"ok"}
{"event":"gateway_transport","timestamp":1790006805.1375816,"thread":135412936865472,"stage":"connected","status":"ok"}
{"event":"gateway_transport","timestamp":1790006805.1378207,"thread":135412936865472,"stage":"request_sent","status":"ok"}
{"event":"gateway_transport","timestamp":1790006805.1410775,"thread":135412936865472,"stage":"response_headers_received","status":"ok","http_status":200}
{"event":"gateway_transport","timestamp":1790006805.1412263,"thread":135412936865472,"stage":"response_stream_completed","status":"ok","http_status":200}
{"event":"gateway_transport","timestamp":1790006810.1474094,"thread":135412936865472,"stage":"resolved","status":"ok"}
{"event":"gateway_transport","timestamp":1790006810.1489723,"thread":135412936865472,"stage":"connected","status":"ok"}
{"event":"gateway_transport","timestamp":1790006810.149203,"thread":135412936865472,"stage":"request_sent","status":"ok"}
{"event":"gateway_transport","timestamp":1790006810.150954,"thread":135412936865472,"stage":"response_headers_received","status":"ok","http_status":200}
{"event":"gateway_transport","timestamp":1790006810.1511025,"thread":135412936865472,"stage":"response_stream_completed","status":"ok","http_status":200}
{"event":"gateway_transport","timestamp":1790006810.185293,"thread":135412936865472,"stage":"resolved","status":"ok"}
{"event":"gateway_transport","timestamp":1790006811.5707567,"thread":135412936865472,"stage":"connected","status":"ok"}
{"event":"gateway_transport","timestamp":1790006811.571062,"thread":135412936865472,"stage":"request_sent","status":"ok"}
{"event":"gateway_transport","timestamp":1790006814.3275971,"thread":135412936865472,"stage":"response_headers_received","status":"ok","http_status":200}
{"event":"gateway_transport","timestamp":1790006815.7242768,"thread":135412936865472,"stage":"response_stream_completed","status":"ok","http_status":200}
{"event":"gateway_transport","timestamp":1790006815.7623343,"thread":135412936865472,"stage":"resolved","status":"ok"}
{"event":"gateway_transport","timestamp":1790006815.7643192,"thread":135412936865472,"stage":"connected","status":"ok"}
{"event":"gateway_transport","timestamp":1790006815.764574,"thread":135412936865472,"stage":"request_sent","status":"ok"}
{"event":"gateway_transport","timestamp":1790006815.7676468,"thread":135412936865472,"stage":"response_headers_received","status":"ok","http_status":200}
{"event":"gateway_transport","timestamp":1790006815.7678094,"thread":135412936865472,"stage":"response_stream_completed","status":"ok","http_status":200}
{"event":"gateway_transport","timestamp":1790006815.8304667,"thread":135412936865472,"stage":"resolved","status":"ok"}
{"event":"gateway_transport","timestamp":1790006816.6041582,"thread":135412936865472,"stage":"connected","status":"ok"}
{"event":"gateway_transport","timestamp":1790006816.6053667,"thread":135412936865472,"stage":"request_sent","status":"ok"}
{"event":"gateway_transport","timestamp":1790006816.7711124,"thread":135413016106688,"stage":"resolved","status":"ok"}
{"event":"gateway_transport","timestamp":1790006816.7730124,"thread":135413016106688,"stage":"connected","status":"ok"}
{"event":"gateway_transport","timestamp":1790006816.7732904,"thread":135413016106688,"stage":"request_sent","status":"ok"}
{"event":"gateway_transport","timestamp":1790006816.7750013,"thread":135413016106688,"stage":"response_headers_received","status":"ok","http_status":200}
{"event":"gateway_transport","timestamp":1790006816.7752016,"thread":135413016106688,"stage":"response_stream_completed","status":"ok","http_status":200}
{"event":"gateway_transport","timestamp":1790006816.8177865,"thread":135413016106688,"stage":"resolved","status":"ok"}
{"event":"gateway_transport","timestamp":1790006817.5237746,"thread":135413016106688,"stage":"connected","status":"ok"}
{"event":"gateway_transport","timestamp":1790006817.524054,"thread":135413016106688,"stage":"request_sent","status":"ok"}
{"event":"gateway_transport","timestamp":1790006820.2462869,"thread":135413016106688,"stage":"response_headers_received","status":"ok","http_status":200}
{"event":"gateway_transport","timestamp":1790006821.5614479,"thread":135412936865472,"stage":"response_headers_received","status":"ok","http_status":200}
{"event":"gateway_transport","timestamp":1790006822.5275333,"thread":135412936865472,"stage":"response_stream_completed","status":"ok","http_status":200}
{"event":"gateway_transport","timestamp":1790006822.6493301,"thread":135412936865472,"stage":"resolved","status":"ok"}
{"event":"gateway_transport","timestamp":1790006823.4261217,"thread":135413016106688,"stage":"response_stream_completed","status":"ok","http_status":200}
{"event":"gateway_transport","timestamp":1790006823.5171378,"thread":135413016106688,"stage":"resolved","status":"ok"}
{"event":"gateway_transport","timestamp":1790006823.5890963,"thread":135412928472768,"stage":"resolved","status":"ok"}
{"event":"gateway_transport","timestamp":1790006823.5910225,"thread":135412928472768,"stage":"connected","status":"ok"}
{"event":"gateway_transport","timestamp":1790006823.5911899,"thread":135412928472768,"stage":"request_sent","status":"ok"}
{"event":"gateway_transport","timestamp":1790006823.5944977,"thread":135412928472768,"stage":"response_headers_received","status":"ok","http_status":200}
{"event":"gateway_transport","timestamp":1790006823.5946581,"thread":135412928472768,"stage":"response_stream_completed","status":"ok","http_status":200}
{"event":"gateway_transport","timestamp":1790006824.8950226,"thread":135412936865472,"stage":"connected","status":"ok"}
{"event":"gateway_transport","timestamp":1790006824.8967211,"thread":135412936865472,"stage":"request_sent","status":"ok"}
{"event":"gateway_transport","timestamp":1790006825.6123972,"thread":135413016106688,"stage":"connected","status":"ok"}
{"event":"gateway_transport","timestamp":1790006825.6135328,"thread":135413016106688,"stage":"request_sent","status":"ok"}
{"event":"gateway_transport","timestamp":1790006829.3052087,"thread":135413016106688,"stage":"response_headers_received","status":"ok","http_status":200}
{"event":"gateway_transport","timestamp":1790006830.14229,"thread":135412936865472,"stage":"response_headers_received","status":"ok","http_status":200}
{"event":"gateway_transport","timestamp":1790006831.5477335,"thread":135412936865472,"stage":"response_stream_completed","status":"ok","http_status":200}
{"event":"gateway_transport","timestamp":1790006831.668076,"thread":135412936865472,"stage":"resolved","status":"ok"}
{"event":"gateway_transport","timestamp":1790006833.0295267,"thread":135412936865472,"stage":"connected","status":"ok"}
{"event":"gateway_transport","timestamp":1790006833.0317168,"thread":135412936865472,"stage":"request_sent","status":"ok"}
{"event":"gateway_transport","timestamp":1790006838.4630744,"thread":135412936865472,"stage":"response_headers_received","status":"ok","http_status":200}
{"event":"gateway_transport","timestamp":1790006839.6678991,"thread":135412936865472,"stage":"response_stream_completed","status":"ok","http_status":200}
{"event":"gateway_transport","timestamp":1790006839.799692,"thread":135412936865472,"stage":"resolved","status":"ok"}
{"event":"gateway_transport","timestamp":1790006840.5516105,"thread":135412936865472,"stage":"connected","status":"ok"}
{"event":"gateway_transport","timestamp":1790006840.5535653,"thread":135412936865472,"stage":"request_sent","status":"ok"}
{"event":"gateway_transport","timestamp":1790006840.7231746,"thread":135413016106688,"stage":"response_stream_completed","status":"ok","http_status":200}
{"event":"gateway_transport","timestamp":1790006840.8241863,"thread":135412928472768,"stage":"resolved","status":"ok"}
{"event":"gateway_transport","timestamp":1790006840.8256645,"thread":135412928472768,"stage":"connected","status":"ok"}
{"event":"gateway_transport","timestamp":1790006840.825816,"thread":135412928472768,"stage":"request_sent","status":"ok"}
{"event":"gateway_transport","timestamp":1790006840.8279223,"thread":135413016106688,"stage":"resolved","status":"ok"}
{"event":"gateway_transport","timestamp":1790006840.828491,"thread":135412928472768,"stage":"response_headers_received","status":"ok","http_status":200}
{"event":"gateway_transport","timestamp":1790006840.828626,"thread":135412928472768,"stage":"response_stream_completed","status":"ok","http_status":200}
{"event":"gateway_transport","timestamp":1790006841.5507169,"thread":135413016106688,"stage":"connected","status":"ok"}
{"event":"gateway_transport","timestamp":1790006841.5509813,"thread":135413016106688,"stage":"request_sent","status":"ok"}
{"event":"gateway_transport","timestamp":1790006844.670242,"thread":135413016106688,"stage":"response_headers_received","status":"ok","http_status":200}
{"event":"gateway_transport","timestamp":1790006846.0091214,"thread":135413016106688,"stage":"response_stream_completed","status":"ok","http_status":200}
{"event":"gateway_transport","timestamp":1790006846.0392766,"thread":135413016106688,"stage":"resolved","status":"ok"}
{"event":"gateway_transport","timestamp":1790006846.0411098,"thread":135413016106688,"stage":"connected","status":"ok"}
{"event":"gateway_transport","timestamp":1790006846.041383,"thread":135413016106688,"stage":"request_sent","status":"ok"}
{"event":"gateway_transport","timestamp":1790006846.0449684,"thread":135413016106688,"stage":"response_headers_received","status":"ok","http_status":200}
{"event":"gateway_transport","timestamp":1790006846.0451589,"thread":135413016106688,"stage":"response_stream_completed","status":"ok","http_status":200}
{"event":"gateway_transport","timestamp":1790006846.077648,"thread":135412936865472,"stage":"response_headers_received","status":"ok","http_status":200}
{"event":"gateway_transport","timestamp":1790006847.0485787,"thread":135413016106688,"stage":"resolved","status":"ok"}
{"event":"gateway_transport","timestamp":1790006847.0505779,"thread":135413016106688,"stage":"connected","status":"ok"}
{"event":"gateway_transport","timestamp":1790006847.0507617,"thread":135413016106688,"stage":"request_sent","status":"ok"}
{"event":"gateway_transport","timestamp":1790006847.052623,"thread":135413016106688,"stage":"response_headers_received","status":"ok","http_status":200}
{"event":"gateway_transport","timestamp":1790006847.0527663,"thread":135413016106688,"stage":"response_stream_completed","status":"ok","http_status":200}
{"event":"gateway_transport","timestamp":1790006847.0939157,"thread":135413016106688,"stage":"resolved","status":"ok"}
{"event":"gateway_transport","timestamp":1790006848.1172838,"thread":135413016106688,"stage":"connected","status":"ok"}
{"event":"gateway_transport","timestamp":1790006848.117625,"thread":135413016106688,"stage":"request_sent","status":"ok"}
{"event":"gateway_transport","timestamp":1790006850.681114,"thread":135412936865472,"stage":"response_stream_completed","status":"ok","http_status":200}
{"event":"gateway_transport","timestamp":1790006851.346018,"thread":135413016106688,"stage":"response_headers_received","status":"ok","http_status":200}
{"event":"gateway_transport","timestamp":1790006860.0795097,"thread":135413016106688,"stage":"response_stream_completed","status":"ok","http_status":200}
{"event":"gateway_transport","timestamp":1790006860.1601012,"thread":135413016106688,"stage":"resolved","status":"ok"}
{"event":"gateway_transport","timestamp":1790006860.2742903,"thread":135412936865472,"stage":"resolved","status":"ok"}
{"event":"gateway_transport","timestamp":1790006860.276095,"thread":135412936865472,"stage":"connected","status":"ok"}
{"event":"gateway_transport","timestamp":1790006860.276213,"thread":135412936865472,"stage":"request_sent","status":"ok"}
{"event":"gateway_transport","timestamp":1790006860.279424,"thread":135412936865472,"stage":"response_headers_received","status":"ok","http_status":200}
{"event":"gateway_transport","timestamp":1790006860.2795918,"thread":135412936865472,"stage":"response_stream_completed","status":"ok","http_status":200}
{"event":"gateway_transport","timestamp":1790006864.2837167,"thread":135413016106688,"stage":"connected","status":"ok"}
{"event":"gateway_transport","timestamp":1790006864.2853527,"thread":135413016106688,"stage":"request_sent","status":"ok"}
{"event":"gateway_transport","timestamp":1790006867.3293943,"thread":135413016106688,"stage":"response_headers_received","status":"ok","http_status":200}
{"event":"gateway_transport","timestamp":1790006869.131294,"thread":135413016106688,"stage":"response_stream_completed","status":"ok","http_status":200}
{"event":"gateway_transport","timestamp":1790006869.2089553,"thread":135413016106688,"stage":"resolved","status":"ok"}
{"event":"gateway_transport","timestamp":1790006869.2961202,"thread":135412936865472,"stage":"resolved","status":"ok"}
{"event":"gateway_transport","timestamp":1790006869.2978916,"thread":135412936865472,"stage":"connected","status":"ok"}
{"event":"gateway_transport","timestamp":1790006869.298058,"thread":135412936865472,"stage":"request_sent","status":"ok"}
{"event":"gateway_transport","timestamp":1790006869.3007278,"thread":135412936865472,"stage":"response_headers_received","status":"ok","http_status":200}
{"event":"gateway_transport","timestamp":1790006869.3008623,"thread":135412936865472,"stage":"response_stream_completed","status":"ok","http_status":200}
{"event":"gateway_transport","timestamp":1790006872.2669406,"thread":135413016106688,"stage":"connected","status":"ok"}
{"event":"gateway_transport","timestamp":1790006872.267325,"thread":135413016106688,"stage":"request_sent","status":"ok"}
{"event":"gateway_transport","timestamp":1790006875.4754894,"thread":135413016106688,"stage":"response_headers_received","status":"ok","http_status":200}
{"event":"gateway_transport","timestamp":1790006880.2546065,"thread":135413016106688,"stage":"response_stream_completed","status":"ok","http_status":200}
{"event":"gateway_transport","timestamp":1790006880.3219151,"thread":135413016106688,"stage":"resolved","status":"ok"}
{"event":"gateway_transport","timestamp":1790006880.3239772,"thread":135413016106688,"stage":"connected","status":"ok"}
{"event":"gateway_transport","timestamp":1790006880.3241835,"thread":135413016106688,"stage":"request_sent","status":"ok"}
{"event":"gateway_transport","timestamp":1790006880.327519,"thread":135413016106688,"stage":"response_headers_received","status":"ok","http_status":200}
{"event":"gateway_transport","timestamp":1790006880.3276877,"thread":135413016106688,"stage":"response_stream_completed","status":"ok","http_status":200}
{"event":"gateway_transport","timestamp":1790006880.3453903,"thread":135412936865472,"stage":"resolved","status":"ok"}
{"event":"gateway_transport","timestamp":1790006880.3643115,"thread":135413016106688,"stage":"resolved","status":"ok"}
{"event":"gateway_transport","timestamp":1790006881.0831795,"thread":135413016106688,"stage":"connected","status":"ok"}
{"event":"gateway_transport","timestamp":1790006881.0895622,"thread":135413016106688,"stage":"request_sent","status":"ok"}
{"event":"gateway_transport","timestamp":1790006881.1505997,"thread":135412936865472,"stage":"connected","status":"ok"}
{"event":"gateway_transport","timestamp":1790006881.1535687,"thread":135412936865472,"stage":"request_sent","status":"ok"}
{"event":"gateway_transport","timestamp":1790006884.6499233,"thread":135412936865472,"stage":"response_headers_received","status":"ok","http_status":200}
{"event":"gateway_transport","timestamp":1790006885.3309278,"thread":135412936865472,"stage":"response_stream_completed","status":"ok","http_status":200}
{"event":"gateway_transport","timestamp":1790006885.4113252,"thread":135412936865472,"stage":"resolved","status":"ok"}
{"event":"gateway_transport","timestamp":1790006885.5445886,"thread":135412928472768,"stage":"resolved","status":"ok"}
{"event":"gateway_transport","timestamp":1790006885.5466802,"thread":135412928472768,"stage":"connected","status":"ok"}
{"event":"gateway_transport","timestamp":1790006885.5468693,"thread":135412928472768,"stage":"request_sent","status":"ok"}
{"event":"gateway_transport","timestamp":1790006885.5499182,"thread":135412928472768,"stage":"response_headers_received","status":"ok","http_status":200}
{"event":"gateway_transport","timestamp":1790006885.5500731,"thread":135412928472768,"stage":"response_stream_completed","status":"ok","http_status":200}
{"event":"gateway_transport","timestamp":1790006886.1554348,"thread":135412936865472,"stage":"connected","status":"ok"}
{"event":"gateway_transport","timestamp":1790006886.1571395,"thread":135412936865472,"stage":"request_sent","status":"ok"}
{"event":"gateway_transport","timestamp":1790006886.7062824,"thread":135413016106688,"stage":"response_headers_received","status":"ok","http_status":200}
{"event":"gateway_transport","timestamp":1790006888.7608762,"thread":135413016106688,"stage":"response_stream_completed","status":"ok","http_status":200}
{"event":"gateway_transport","timestamp":1790006888.8715994,"thread":135413016106688,"stage":"resolved","status":"ok"}
{"event":"gateway_transport","timestamp":1790006889.997211,"thread":135412936865472,"stage":"response_headers_received","status":"ok","http_status":200}
{"event":"gateway_transport","timestamp":1790006890.1532698,"thread":135413016106688,"stage":"connected","status":"ok"}
{"event":"gateway_transport","timestamp":1790006890.1628473,"thread":135413016106688,"stage":"request_sent","status":"ok"}
{"event":"gateway_transport","timestamp":1790006895.675503,"thread":135413016106688,"stage":"response_headers_received","status":"ok","http_status":200}
{"event":"gateway_transport","timestamp":1790006895.9407713,"thread":135412936865472,"stage":"response_stream_completed","status":"ok","http_status":200}
{"event":"gateway_transport","timestamp":1790006895.9686303,"thread":135412936865472,"stage":"resolved","status":"ok"}
{"event":"gateway_transport","timestamp":1790006895.9704776,"thread":135412936865472,"stage":"connected","status":"ok"}
{"event":"gateway_transport","timestamp":1790006895.970741,"thread":135412936865472,"stage":"request_sent","status":"ok"}
{"event":"gateway_transport","timestamp":1790006895.9737399,"thread":135412936865472,"stage":"response_headers_received","status":"ok","http_status":200}
{"event":"gateway_transport","timestamp":1790006895.9738822,"thread":135412936865472,"stage":"response_stream_completed","status":"ok","http_status":200}
{"event":"gateway_transport","timestamp":1790006896.025994,"thread":135412936865472,"stage":"resolved","status":"ok"}
{"event":"gateway_transport","timestamp":1790006896.1825414,"thread":135412928472768,"stage":"resolved","status":"ok"}
{"event":"gateway_transport","timestamp":1790006896.1901479,"thread":135412928472768,"stage":"connected","status":"ok"}
{"event":"gateway_transport","timestamp":1790006896.1910415,"thread":135412928472768,"stage":"request_sent","status":"ok"}
{"event":"gateway_transport","timestamp":1790006896.1972582,"thread":135412928472768,"stage":"response_headers_received","status":"ok","http_status":200}
{"event":"gateway_transport","timestamp":1790006896.1974275,"thread":135412928472768,"stage":"response_stream_completed","status":"ok","http_status":200}
{"event":"gateway_transport","timestamp":1790006897.058869,"thread":135412936865472,"stage":"connected","status":"ok"}
{"event":"gateway_transport","timestamp":1790006897.059264,"thread":135412936865472,"stage":"request_sent","status":"ok"}
{"event":"gateway_transport","timestamp":1790006897.115203,"thread":135413016106688,"stage":"response_stream_completed","status":"ok","http_status":200}
{"event":"gateway_transport","timestamp":1790006897.235556,"thread":135413016106688,"stage":"resolved","status":"ok"}
{"event":"gateway_transport","timestamp":1790006899.0922227,"thread":135413016106688,"stage":"connected","status":"ok"}
{"event":"gateway_transport","timestamp":1790006899.093794,"thread":135413016106688,"stage":"request_sent","status":"ok"}
{"event":"gateway_transport","timestamp":1790006899.9596062,"thread":135412936865472,"stage":"response_headers_received","status":"ok","http_status":200}
{"event":"gateway_transport","timestamp":1790006902.0811052,"thread":135412936865472,"stage":"response_stream_completed","status":"ok","http_status":200}
{"event":"gateway_transport","timestamp":1790006902.2084012,"thread":135412936865472,"stage":"resolved","status":"ok"}
{"event":"gateway_transport","timestamp":1790006902.209889,"thread":135412936865472,"stage":"connected","status":"ok"}
{"event":"gateway_transport","timestamp":1790006902.2100575,"thread":135412936865472,"stage":"request_sent","status":"ok"}
{"event":"gateway_transport","timestamp":1790006902.2128925,"thread":135412936865472,"stage":"response_headers_received","status":"ok","http_status":200}
{"event":"gateway_transport","timestamp":1790006902.213026,"thread":135412936865472,"stage":"response_stream_completed","status":"ok","http_status":200}
{"event":"gateway_transport","timestamp":1790006903.1651049,"thread":135412936865472,"stage":"resolved","status":"ok"}
{"event":"gateway_transport","timestamp":1790006903.2165048,"thread":135412928472768,"stage":"resolved","status":"ok"}
{"event":"gateway_transport","timestamp":1790006903.2179086,"thread":135412928472768,"stage":"connected","status":"ok"}
{"event":"gateway_transport","timestamp":1790006903.2180924,"thread":135412928472768,"stage":"request_sent","status":"ok"}
{"event":"gateway_transport","timestamp":1790006903.2196937,"thread":135412928472768,"stage":"response_headers_received","status":"ok","http_status":200}
{"event":"gateway_transport","timestamp":1790006903.2198405,"thread":135412928472768,"stage":"response_stream_completed","status":"ok","http_status":200}
{"event":"gateway_transport","timestamp":1790006904.6071982,"thread":135413016106688,"stage":"response_headers_received","status":"ok","http_status":200}
{"event":"gateway_transport","timestamp":1790006905.1860535,"thread":135412936865472,"stage":"connected","status":"ok"}
{"event":"gateway_transport","timestamp":1790006905.1864514,"thread":135412936865472,"stage":"request_sent","status":"ok"}
{"event":"gateway_transport","timestamp":1790006908.084637,"thread":135412936865472,"stage":"response_headers_received","status":"ok","http_status":200}
{"event":"gateway_transport","timestamp":1790006910.7879505,"thread":135412936865472,"stage":"response_stream_completed","status":"ok","http_status":200}
{"event":"gateway_transport","timestamp":1790006910.8346672,"thread":135412936865472,"stage":"resolved","status":"ok"}
{"event":"gateway_transport","timestamp":1790006910.8363044,"thread":135412936865472,"stage":"connected","status":"ok"}
{"event":"gateway_transport","timestamp":1790006910.8364818,"thread":135412936865472,"stage":"request_sent","status":"ok"}
{"event":"gateway_transport","timestamp":1790006910.8397727,"thread":135412936865472,"stage":"response_headers_received","status":"ok","http_status":200}
{"event":"gateway_transport","timestamp":1790006910.8399105,"thread":135412936865472,"stage":"response_stream_completed","status":"ok","http_status":200}
{"event":"gateway_transport","timestamp":1790006912.846019,"thread":135412936865472,"stage":"resolved","status":"ok"}
{"event":"gateway_transport","timestamp":1790006912.8477387,"thread":135412936865472,"stage":"connected","status":"ok"}
{"event":"gateway_transport","timestamp":1790006912.8479166,"thread":135412936865472,"stage":"request_sent","status":"ok"}
{"event":"gateway_transport","timestamp":1790006912.849736,"thread":135412936865472,"stage":"response_headers_received","status":"ok","http_status":200}
{"event":"gateway_transport","timestamp":1790006912.849857,"thread":135412936865472,"stage":"response_stream_completed","status":"ok","http_status":200}
{"event":"gateway_transport","timestamp":1790006912.8799925,"thread":135412936865472,"stage":"resolved","status":"ok"}
{"event":"gateway_transport","timestamp":1790006914.8123457,"thread":135412936865472,"stage":"connected","status":"ok"}
{"event":"gateway_transport","timestamp":1790006914.8126519,"thread":135412936865472,"stage":"request_sent","status":"ok"}
{"event":"gateway_transport","timestamp":1790006915.2918584,"thread":135413016106688,"stage":"response_stream_completed","status":"ok","http_status":200}
{"event":"gateway_transport","timestamp":1790006915.4524353,"thread":135413016106688,"stage":"resolved","status":"ok"}
{"event":"gateway_transport","timestamp":1790006916.162452,"thread":135413016106688,"stage":"connected","status":"ok"}
{"event":"gateway_transport","timestamp":1790006916.1650445,"thread":135413016106688,"stage":"request_sent","status":"ok"}
{"event":"gateway_transport","timestamp":1790006918.3085048,"thread":135412936865472,"stage":"response_headers_received","status":"ok","http_status":200}
{"event":"gateway_transport","timestamp":1790006919.6674256,"thread":135412936865472,"stage":"response_stream_completed","status":"ok","http_status":200}
{"event":"gateway_transport","timestamp":1790006919.8640964,"thread":135412936865472,"stage":"resolved","status":"ok"}
{"event":"gateway_transport","timestamp":1790006919.8660607,"thread":135412936865472,"stage":"connected","status":"ok"}
{"event":"gateway_transport","timestamp":1790006919.8662777,"thread":135412936865472,"stage":"request_sent","status":"ok"}
{"event":"gateway_transport","timestamp":1790006919.8692186,"thread":135412936865472,"stage":"response_headers_received","status":"ok","http_status":200}
{"event":"gateway_transport","timestamp":1790006919.8693454,"thread":135412936865472,"stage":"response_stream_completed","status":"ok","http_status":200}
{"event":"gateway_transport","timestamp":1790006921.6292222,"thread":135413016106688,"stage":"response_headers_received","status":"ok","http_status":200}
{"event":"gateway_transport","timestamp":1790006921.7558107,"thread":135412936865472,"stage":"resolved","status":"ok"}
{"event":"gateway_transport","timestamp":1790006921.8737473,"thread":135412928472768,"stage":"resolved","status":"ok"}
{"event":"gateway_transport","timestamp":1790006921.876244,"thread":135412928472768,"stage":"connected","status":"ok"}
{"event":"gateway_transport","timestamp":1790006921.8764353,"thread":135412928472768,"stage":"request_sent","status":"ok"}
{"event":"gateway_transport","timestamp":1790006921.8781247,"thread":135412928472768,"stage":"response_headers_received","status":"ok","http_status":200}
{"event":"gateway_transport","timestamp":1790006921.8782325,"thread":135412928472768,"stage":"response_stream_completed","status":"ok","http_status":200}
{"event":"gateway_transport","timestamp":1790006923.1637344,"thread":135412936865472,"stage":"connected","status":"ok"}
{"event":"gateway_transport","timestamp":1790006923.1649148,"thread":135412936865472,"stage":"request_sent","status":"ok"}
{"event":"gateway_transport","timestamp":1790006923.5401862,"thread":135413016106688,"stage":"response_stream_completed","status":"ok","http_status":200}
{"event":"gateway_transport","timestamp":1790006926.0616138,"thread":135412936865472,"stage":"response_headers_received","status":"ok","http_status":200}
{"event":"gateway_transport","timestamp":1790006933.2432182,"thread":135412936865472,"stage":"response_stream_completed","status":"ok","http_status":200}
{"event":"gateway_transport","timestamp":1790006933.2980213,"thread":135412936865472,"stage":"resolved","status":"ok"}
{"event":"gateway_transport","timestamp":1790006933.3001215,"thread":135412936865472,"stage":"connected","status":"ok"}
{"event":"gateway_transport","timestamp":1790006933.3003168,"thread":135412936865472,"stage":"request_sent","status":"ok"}
{"event":"gateway_transport","timestamp":1790006933.3031807,"thread":135412936865472,"stage":"response_headers_received","status":"ok","http_status":200}
{"event":"gateway_transport","timestamp":1790006933.3033087,"thread":135412936865472,"stage":"response_stream_completed","status":"ok","http_status":200}
{"event":"gateway_transport","timestamp":1790006933.324583,"thread":135412936865472,"stage":"resolved","status":"ok"}
{"event":"gateway_transport","timestamp":1790006934.0665367,"thread":135412936865472,"stage":"connected","status":"ok"}
{"event":"gateway_transport","timestamp":1790006934.0684843,"thread":135412936865472,"stage":"request_sent","status":"ok"}
{"event":"gateway_transport","timestamp":1790006936.8238358,"thread":135412936865472,"stage":"response_headers_received","status":"ok","http_status":200}
{"event":"gateway_transport","timestamp":1790006968.0796711,"thread":135412936865472,"stage":"response_stream_completed","status":"ok","http_status":200}
{"event":"gateway_transport","timestamp":1790006968.1572082,"thread":135413016106688,"stage":"resolved","status":"ok"}
{"event":"gateway_transport","timestamp":1790006968.1589947,"thread":135413016106688,"stage":"connected","status":"ok"}
{"event":"gateway_transport","timestamp":1790006968.159191,"thread":135413016106688,"stage":"request_sent","status":"ok"}
{"event":"gateway_transport","timestamp":1790006968.161805,"thread":135413016106688,"stage":"response_headers_received","status":"ok","http_status":200}
{"event":"gateway_transport","timestamp":1790006968.161924,"thread":135413016106688,"stage":"response_stream_completed","status":"ok","http_status":200}
{"event":"gateway_transport","timestamp":1790006968.1704266,"thread":135412936865472,"stage":"resolved","status":"ok"}
{"event":"gateway_transport","timestamp":1790006969.2636821,"thread":135412936865472,"stage":"connected","status":"ok"}
{"event":"gateway_transport","timestamp":1790006969.2640572,"thread":135412936865472,"stage":"request_sent","status":"ok"}
{"event":"gateway_transport","timestamp":1790006973.033524,"thread":135412936865472,"stage":"response_headers_received","status":"ok","http_status":200}
{"event":"gateway_transport","timestamp":1790006986.0287251,"thread":135412936865472,"stage":"response_stream_completed","status":"ok","http_status":200}
{"event":"gateway_transport","timestamp":1790006986.112756,"thread":135412936865472,"stage":"resolved","status":"ok"}
{"event":"gateway_transport","timestamp":1790006986.131021,"thread":135413016106688,"stage":"resolved","status":"ok"}
{"event":"gateway_transport","timestamp":1790006986.1920123,"thread":135412928472768,"stage":"resolved","status":"ok"}
{"event":"gateway_transport","timestamp":1790006986.194034,"thread":135412928472768,"stage":"connected","status":"ok"}
{"event":"gateway_transport","timestamp":1790006986.1942165,"thread":135412928472768,"stage":"request_sent","status":"ok"}
{"event":"gateway_transport","timestamp":1790006986.1976826,"thread":135412928472768,"stage":"response_headers_received","status":"ok","http_status":200}
{"event":"gateway_transport","timestamp":1790006986.1978266,"thread":135412928472768,"stage":"response_stream_completed","status":"ok","http_status":200}
{"event":"gateway_transport","timestamp":1790006987.1427455,"thread":135412936865472,"stage":"connected","status":"ok"}
{"event":"gateway_transport","timestamp":1790006987.143115,"thread":135412936865472,"stage":"request_sent","status":"ok"}
{"event":"gateway_transport","timestamp":1790006987.2152784,"thread":135413016106688,"stage":"connected","status":"ok"}
{"event":"gateway_transport","timestamp":1790006987.2171915,"thread":135413016106688,"stage":"request_sent","status":"ok"}
{"event":"gateway_transport","timestamp":1790006989.8983717,"thread":135412936865472,"stage":"response_headers_received","status":"ok","http_status":200}
{"event":"gateway_transport","timestamp":1790006991.4090736,"thread":135412936865472,"stage":"response_stream_completed","status":"ok","http_status":200}
{"event":"gateway_transport","timestamp":1790006991.6083775,"thread":135412936865472,"stage":"resolved","status":"ok"}
{"event":"gateway_transport","timestamp":1790006991.6108167,"thread":135412936865472,"stage":"connected","status":"ok"}
{"event":"gateway_transport","timestamp":1790006991.611042,"thread":135412936865472,"stage":"request_sent","status":"ok"}
{"event":"gateway_transport","timestamp":1790006991.6142023,"thread":135412936865472,"stage":"response_headers_received","status":"ok","http_status":200}
{"event":"gateway_transport","timestamp":1790006991.6143286,"thread":135412936865472,"stage":"response_stream_completed","status":"ok","http_status":200}
{"event":"gateway_transport","timestamp":1790006992.4969735,"thread":135412936865472,"stage":"resolved","status":"ok"}
{"event":"gateway_transport","timestamp":1790006992.618302,"thread":135412928472768,"stage":"resolved","status":"ok"}
{"event":"gateway_transport","timestamp":1790006992.6204572,"thread":135412928472768,"stage":"connected","status":"ok"}
{"event":"gateway_transport","timestamp":1790006992.620641,"thread":135412928472768,"stage":"request_sent","status":"ok"}
{"event":"gateway_transport","timestamp":1790006992.6224306,"thread":135412928472768,"stage":"response_headers_received","status":"ok","http_status":200}
{"event":"gateway_transport","timestamp":1790006992.622558,"thread":135412928472768,"stage":"response_stream_completed","status":"ok","http_status":200}
{"event":"gateway_transport","timestamp":1790006993.0932143,"thread":135413016106688,"stage":"response_headers_received","status":"ok","http_status":200}
{"event":"gateway_transport","timestamp":1790006994.6372306,"thread":135413016106688,"stage":"response_stream_completed","status":"ok","http_status":200}
{"event":"gateway_transport","timestamp":1790006994.7537587,"thread":135413016106688,"stage":"resolved","status":"ok"}
{"event":"gateway_transport","timestamp":1790006996.6908019,"thread":135412936865472,"stage":"connected","status":"ok"}
{"event":"gateway_transport","timestamp":1790006996.691237,"thread":135412936865472,"stage":"request_sent","status":"ok"}
{"event":"gateway_transport","timestamp":1790006997.4874744,"thread":135413016106688,"stage":"connected","status":"ok"}
{"event":"gateway_transport","timestamp":1790006997.500364,"thread":135413016106688,"stage":"request_sent","status":"ok"}
{"event":"gateway_transport","timestamp":1790006999.6586115,"thread":135412936865472,"stage":"response_headers_received","status":"ok","http_status":200}
{"event":"gateway_transport","timestamp":1790007009.6216097,"thread":135412936865472,"stage":"response_stream_completed","status":"ok","http_status":200}
{"event":"gateway_transport","timestamp":1790007009.6485665,"thread":135412936865472,"stage":"resolved","status":"ok"}
{"event":"gateway_transport","timestamp":1790007009.6509721,"thread":135412936865472,"stage":"connected","status":"ok"}
{"event":"gateway_transport","timestamp":1790007009.6511676,"thread":135412936865472,"stage":"request_sent","status":"ok"}
{"event":"gateway_transport","timestamp":1790007009.6542723,"thread":135412936865472,"stage":"response_headers_received","status":"ok","http_status":200}
{"event":"gateway_transport","timestamp":1790007009.6544414,"thread":135412936865472,"stage":"response_stream_completed","status":"ok","http_status":200}
{"event":"gateway_transport","timestamp":1790007018.8533194,"thread":135413016106688,"stage":"response_headers_received","status":"ok","http_status":200}
{"event":"gateway_transport","timestamp":1790007020.354193,"thread":135413016106688,"stage":"response_stream_completed","status":"ok","http_status":200}
{"event":"gateway_transport","timestamp":1790007168.5819454,"thread":135413016106688,"stage":"resolved","status":"ok"}
{"event":"gateway_transport","timestamp":1790007169.3682153,"thread":135413016106688,"stage":"connected","status":"ok"}
{"event":"gateway_transport","timestamp":1790007169.371912,"thread":135413016106688,"stage":"request_sent","status":"ok"}
{"event":"gateway_transport","timestamp":1790007177.0484223,"thread":135413016106688,"stage":"response_headers_received","status":"ok","http_status":200}
{"event":"gateway_transport","timestamp":1790007177.4686174,"thread":135413016106688,"stage":"response_stream_completed","status":"ok","http_status":200}
{"event":"gateway_transport","timestamp":1790007177.6054454,"thread":135413016106688,"stage":"resolved","status":"ok"}
{"event":"gateway_transport","timestamp":1790007178.6158378,"thread":135413016106688,"stage":"connected","status":"ok"}
{"event":"gateway_transport","timestamp":1790007178.6184492,"thread":135413016106688,"stage":"request_sent","status":"ok"}
{"event":"gateway_transport","timestamp":1790007185.0847025,"thread":135413016106688,"stage":"response_headers_received","status":"ok","http_status":200}
{"event":"gateway_transport","timestamp":1790007194.0013614,"thread":135413016106688,"stage":"response_stream_completed","status":"ok","http_status":200}
{"event":"gateway_transport","timestamp":1790007194.3203926,"thread":135413016106688,"stage":"resolved","status":"ok"}
{"event":"gateway_transport","timestamp":1790007194.321999,"thread":135413016106688,"stage":"connected","status":"ok"}
{"event":"gateway_transport","timestamp":1790007194.322204,"thread":135413016106688,"stage":"request_sent","status":"ok"}
{"event":"gateway_transport","timestamp":1790007194.3336778,"thread":135413016106688,"stage":"response_headers_received","status":"ok","http_status":200}
{"event":"gateway_transport","timestamp":1790007194.3338425,"thread":135413016106688,"stage":"response_stream_completed","status":"ok","http_status":200}
